/home/zhangd2/projects/metacoin/.venv-service/lib/python3.12/site-packages/fastapi/testclient.py:1: StarletteDeprecationWarning: Using `httpx` with `starlette.testclient` is deprecated; install `httpx2` instead.
  from starlette.testclient import TestClient as TestClient  # noqa
/home/zhangd2/projects/metacoin/metacoin_service/tests/test_service.py:54: ResourceWarning: unclosed file <_io.TextIOWrapper name='/tmp/tmpbsrd_lrr/home/credentials/bootstrap.json' mode='r' encoding='UTF-8'>
  self.creds = json.load(open(info['credential_file']))
ResourceWarning: Enable tracemalloc to get the object allocation traceback
test_agent_pays_over_x402_and_resumes_after_interruption (metacoin_service.tests.test_agent_paid.AgentPaidInvocationOverTcp.test_agent_pays_over_x402_and_resumes_after_interruption) ... /home/zhangd2/projects/metacoin/metacoin_service/tests/test_agent_paid.py:62: ResourceWarning: unclosed file <_io.TextIOWrapper name='/tmp/tmpbsrd_lrr/paid/checkpoint.json' mode='r' encoding='UTF-8'>
  state = json.load(open(cp)); ident = state['steps']['payment']['identifier']; state['steps'].pop('job'); json.dump(state, open(cp, 'w'))
ResourceWarning: Enable tracemalloc to get the object allocation traceback
/home/zhangd2/projects/metacoin/metacoin_service/tests/test_agent_paid.py:62: ResourceWarning: unclosed file <_io.TextIOWrapper name='/tmp/tmpbsrd_lrr/paid/checkpoint.json' mode='w' encoding='UTF-8'>
  state = json.load(open(cp)); ident = state['steps']['payment']['identifier']; state['steps'].pop('job'); json.dump(state, open(cp, 'w'))
ResourceWarning: Enable tracemalloc to get the object allocation traceback
/home/zhangd2/projects/metacoin/metacoin_service/tests/test_agent_paid.py:65: ResourceWarning: unclosed file <_io.TextIOWrapper name='/tmp/tmpbsrd_lrr/paid/checkpoint.json' mode='r' encoding='UTF-8'>
  self.assertEqual(json.load(open(cp))['steps']['payment']['identifier'], ident)
ResourceWarning: Enable tracemalloc to get the object allocation traceback
ok
test_grant_governs_every_mutation_and_counts_conservatively (metacoin_service.tests.test_agents.GrantTests.test_grant_governs_every_mutation_and_counts_conservatively) ... /home/zhangd2/projects/metacoin/metacoin_service/tests/test_service.py:54: ResourceWarning: unclosed file <_io.TextIOWrapper name='/tmp/tmpuu8cpc93/home/credentials/bootstrap.json' mode='r' encoding='UTF-8'>
  self.creds = json.load(open(info['credential_file']))
ResourceWarning: Enable tracemalloc to get the object allocation traceback
ok
test_policy_validation_and_issuer_bounds (metacoin_service.tests.test_agents.GrantTests.test_policy_validation_and_issuer_bounds) ... /home/zhangd2/projects/metacoin/metacoin_service/tests/test_service.py:54: ResourceWarning: unclosed file <_io.TextIOWrapper name='/tmp/tmpy7dcz0_7/home/credentials/bootstrap.json' mode='r' encoding='UTF-8'>
  self.creds = json.load(open(info['credential_file']))
ResourceWarning: Enable tracemalloc to get the object allocation traceback
ok
test_shared_grant_concurrency_and_exhaustion_are_exact (metacoin_service.tests.test_agents.GrantTests.test_shared_grant_concurrency_and_exhaustion_are_exact) ... /home/zhangd2/projects/metacoin/metacoin_service/tests/test_service.py:54: ResourceWarning: unclosed file <_io.TextIOWrapper name='/tmp/tmprjmh2_qp/home/credentials/bootstrap.json' mode='r' encoding='UTF-8'>
  self.creds = json.load(open(info['credential_file']))
ResourceWarning: Enable tracemalloc to get the object allocation traceback
ok
test_workflow_and_campaign_starts_are_charged_up_front (metacoin_service.tests.test_agents.GrantTests.test_workflow_and_campaign_starts_are_charged_up_front) ... /home/zhangd2/projects/metacoin/metacoin_service/tests/test_service.py:54: ResourceWarning: unclosed file <_io.TextIOWrapper name='/tmp/tmp_baw2obi/home/credentials/bootstrap.json' mode='r' encoding='UTF-8'>
  self.creds = json.load(open(info['credential_file']))
ResourceWarning: Enable tracemalloc to get the object allocation traceback
ok
/home/zhangd2/projects/metacoin/metacoin_service/tests/test_service.py:54: ResourceWarning: unclosed file <_io.TextIOWrapper name='/tmp/tmp_ox5bm5r/home/credentials/bootstrap.json' mode='r' encoding='UTF-8'>
  self.creds = json.load(open(info['credential_file']))
ResourceWarning: Enable tracemalloc to get the object allocation traceback
test_plan_execute_resume_and_revocation_between_plan_and_dispatch (metacoin_service.tests.test_agents.RunnerOverTcp.test_plan_execute_resume_and_revocation_between_plan_and_dispatch) ... ok
test_regeneration_reruns_changed_branch_and_reuses_the_other (metacoin_service.tests.test_analyses.AnalysisTests.test_regeneration_reruns_changed_branch_and_reuses_the_other) ... /home/zhangd2/projects/metacoin/metacoin_service/tests/test_service.py:54: ResourceWarning: unclosed file <_io.TextIOWrapper name='/tmp/tmphgmn9wq9/home/credentials/bootstrap.json' mode='r' encoding='UTF-8'>
  self.creds = json.load(open(info['credential_file']))
ResourceWarning: Enable tracemalloc to get the object allocation traceback
/home/zhangd2/projects/metacoin/metacoin_service/compute/engine.py:350: ResourceWarning: unclosed file <_io.TextIOWrapper name='/proc/2213709/stat' mode='r' encoding='UTF-8'>
  fields = open('/proc/%d/stat' % pid).read().split(')')[-1].split()
ResourceWarning: Enable tracemalloc to get the object allocation traceback
/home/zhangd2/projects/metacoin/metacoin_service/compute/engine.py:352: ResourceWarning: unclosed file <_io.TextIOWrapper name='/proc/2213709/status' mode='r' encoding='UTF-8'>
  for line in open('/proc/%d/status' % pid):
ResourceWarning: Enable tracemalloc to get the object allocation traceback
/home/zhangd2/projects/metacoin/metacoin_service/compute/engine.py:211: ResourceWarning: unclosed file <_io.BufferedReader name=10>
  return self._supervise(job, contract, spec, run, man, workdir, backend, latest)
ResourceWarning: Enable tracemalloc to get the object allocation traceback
/home/zhangd2/projects/metacoin/metacoin_service/compute/engine.py:350: ResourceWarning: unclosed file <_io.TextIOWrapper name='/proc/2213717/stat' mode='r' encoding='UTF-8'>
  fields = open('/proc/%d/stat' % pid).read().split(')')[-1].split()
ResourceWarning: Enable tracemalloc to get the object allocation traceback
/home/zhangd2/projects/metacoin/metacoin_service/compute/engine.py:352: ResourceWarning: unclosed file <_io.TextIOWrapper name='/proc/2213717/status' mode='r' encoding='UTF-8'>
  for line in open('/proc/%d/status' % pid):
ResourceWarning: Enable tracemalloc to get the object allocation traceback
/home/zhangd2/projects/metacoin/metacoin_service/compute/engine.py:350: ResourceWarning: unclosed file <_io.TextIOWrapper name='/proc/2213725/stat' mode='r' encoding='UTF-8'>
  fields = open('/proc/%d/stat' % pid).read().split(')')[-1].split()
ResourceWarning: Enable tracemalloc to get the object allocation traceback
/home/zhangd2/projects/metacoin/metacoin_service/compute/engine.py:352: ResourceWarning: unclosed file <_io.TextIOWrapper name='/proc/2213725/status' mode='r' encoding='UTF-8'>
  for line in open('/proc/%d/status' % pid):
ResourceWarning: Enable tracemalloc to get the object allocation traceback
/home/zhangd2/projects/metacoin/metacoin_service/compute/engine.py:350: ResourceWarning: unclosed file <_io.TextIOWrapper name='/proc/2213747/stat' mode='r' encoding='UTF-8'>
  fields = open('/proc/%d/stat' % pid).read().split(')')[-1].split()
ResourceWarning: Enable tracemalloc to get the object allocation traceback
/home/zhangd2/projects/metacoin/metacoin_service/compute/engine.py:352: ResourceWarning: unclosed file <_io.TextIOWrapper name='/proc/2213747/status' mode='r' encoding='UTF-8'>
  for line in open('/proc/%d/status' % pid):
ResourceWarning: Enable tracemalloc to get the object allocation traceback
/home/zhangd2/projects/metacoin/metacoin_service/compute/engine.py:350: ResourceWarning: unclosed file <_io.TextIOWrapper name='/proc/2213756/stat' mode='r' encoding='UTF-8'>
  fields = open('/proc/%d/stat' % pid).read().split(')')[-1].split()
ResourceWarning: Enable tracemalloc to get the object allocation traceback
/home/zhangd2/projects/metacoin/metacoin_service/compute/engine.py:352: ResourceWarning: unclosed file <_io.TextIOWrapper name='/proc/2213756/status' mode='r' encoding='UTF-8'>
  for line in open('/proc/%d/status' % pid):
ResourceWarning: Enable tracemalloc to get the object allocation traceback
ok
test_sessions_concurrency_stale_impact_reports_and_projections (metacoin_service.tests.test_analyses.AnalysisTests.test_sessions_concurrency_stale_impact_reports_and_projections) ... /home/zhangd2/projects/metacoin/metacoin_service/tests/test_service.py:54: ResourceWarning: unclosed file <_io.TextIOWrapper name='/tmp/tmpxap655ym/home/credentials/bootstrap.json' mode='r' encoding='UTF-8'>
  self.creds = json.load(open(info['credential_file']))
ResourceWarning: Enable tracemalloc to get the object allocation traceback
/home/zhangd2/projects/metacoin/metacoin_service/compute/engine.py:350: ResourceWarning: unclosed file <_io.TextIOWrapper name='/proc/2213806/stat' mode='r' encoding='UTF-8'>
  fields = open('/proc/%d/stat' % pid).read().split(')')[-1].split()
ResourceWarning: Enable tracemalloc to get the object allocation traceback
/home/zhangd2/projects/metacoin/metacoin_service/compute/engine.py:352: ResourceWarning: unclosed file <_io.TextIOWrapper name='/proc/2213806/status' mode='r' encoding='UTF-8'>
  for line in open('/proc/%d/status' % pid):
ResourceWarning: Enable tracemalloc to get the object allocation traceback
/home/zhangd2/projects/metacoin/metacoin_service/compute/engine.py:211: ResourceWarning: unclosed file <_io.BufferedReader name=10>
  return self._supervise(job, contract, spec, run, man, workdir, backend, latest)
ResourceWarning: Enable tracemalloc to get the object allocation traceback
/home/zhangd2/projects/metacoin/.venv-service/lib/python3.12/site-packages/starlette/testclient.py:463: DeprecationWarning: Setting per-request cookies=<...> is being deprecated, because the expected behaviour on cookie persistence is ambiguous. Set cookies directly on the client instance instead.
  return super().request(
ok
test_proposal_binding_independence_expiry_stale_and_apply (metacoin_service.tests.test_approvals_statements.ApprovalTests.test_proposal_binding_independence_expiry_stale_and_apply) ... /home/zhangd2/projects/metacoin/metacoin_service/tests/test_service.py:54: ResourceWarning: unclosed file <_io.TextIOWrapper name='/tmp/tmpqa8a1go1/home/credentials/bootstrap.json' mode='r' encoding='UTF-8'>
  self.creds = json.load(open(info['credential_file']))
ResourceWarning: Enable tracemalloc to get the object allocation traceback
ok
test_statement_groups_rows_and_never_charges_on_view (metacoin_service.tests.test_approvals_statements.StatementTests.test_statement_groups_rows_and_never_charges_on_view) ... /home/zhangd2/projects/metacoin/metacoin_service/tests/test_service.py:54: ResourceWarning: unclosed file <_io.TextIOWrapper name='/tmp/tmpsriqsl3c/home/credentials/bootstrap.json' mode='r' encoding='UTF-8'>
  self.creds = json.load(open(info['credential_file']))
ResourceWarning: Enable tracemalloc to get the object allocation traceback
/home/zhangd2/projects/metacoin/metacoin_service/compute/engine.py:350: ResourceWarning: unclosed file <_io.TextIOWrapper name='/proc/2213991/stat' mode='r' encoding='UTF-8'>
  fields = open('/proc/%d/stat' % pid).read().split(')')[-1].split()
ResourceWarning: Enable tracemalloc to get the object allocation traceback
/home/zhangd2/projects/metacoin/metacoin_service/compute/engine.py:352: ResourceWarning: unclosed file <_io.TextIOWrapper name='/proc/2213991/status' mode='r' encoding='UTF-8'>
  for line in open('/proc/%d/status' % pid):
ResourceWarning: Enable tracemalloc to get the object allocation traceback
/home/zhangd2/projects/metacoin/metacoin_service/compute/engine.py:211: ResourceWarning: unclosed file <_io.BufferedReader name=10>
  return self._supervise(job, contract, spec, run, man, workdir, backend, latest)
ResourceWarning: Enable tracemalloc to get the object allocation traceback
ok
test_checkpointed_campaign_recovery_across_restart_and_interruption (metacoin_service.tests.test_backlog_late.LateBacklogTests.test_checkpointed_campaign_recovery_across_restart_and_interruption) ... /home/zhangd2/projects/metacoin/metacoin_service/tests/test_service.py:54: ResourceWarning: unclosed file <_io.TextIOWrapper name='/tmp/tmpgyv5n1eq/home/credentials/bootstrap.json' mode='r' encoding='UTF-8'>
  self.creds = json.load(open(info['credential_file']))
ResourceWarning: Enable tracemalloc to get the object allocation traceback
/home/zhangd2/projects/metacoin/metacoin_service/compute/engine.py:350: ResourceWarning: unclosed file <_io.TextIOWrapper name='/proc/2214021/stat' mode='r' encoding='UTF-8'>
  fields = open('/proc/%d/stat' % pid).read().split(')')[-1].split()
ResourceWarning: Enable tracemalloc to get the object allocation traceback
/home/zhangd2/projects/metacoin/metacoin_service/compute/engine.py:352: ResourceWarning: unclosed file <_io.TextIOWrapper name='/proc/2214021/status' mode='r' encoding='UTF-8'>
  for line in open('/proc/%d/status' % pid):
ResourceWarning: Enable tracemalloc to get the object allocation traceback
/home/zhangd2/projects/metacoin/metacoin_service/compute/engine.py:211: ResourceWarning: unclosed file <_io.BufferedReader name=10>
  return self._supervise(job, contract, spec, run, man, workdir, backend, latest)
ResourceWarning: Enable tracemalloc to get the object allocation traceback
/home/zhangd2/projects/metacoin/metacoin_service/compute/engine.py:350: ResourceWarning: unclosed file <_io.TextIOWrapper name='/proc/2214060/stat' mode='r' encoding='UTF-8'>
  fields = open('/proc/%d/stat' % pid).read().split(')')[-1].split()
ResourceWarning: Enable tracemalloc to get the object allocation traceback
/home/zhangd2/projects/metacoin/metacoin_service/compute/engine.py:352: ResourceWarning: unclosed file <_io.TextIOWrapper name='/proc/2214060/status' mode='r' encoding='UTF-8'>
  for line in open('/proc/%d/status' % pid):
ResourceWarning: Enable tracemalloc to get the object allocation traceback
/home/zhangd2/projects/metacoin/metacoin_service/compute/engine.py:350: ResourceWarning: unclosed file <_io.TextIOWrapper name='/proc/2214078/stat' mode='r' encoding='UTF-8'>
  fields = open('/proc/%d/stat' % pid).read().split(')')[-1].split()
ResourceWarning: Enable tracemalloc to get the object allocation traceback
/home/zhangd2/projects/metacoin/metacoin_service/compute/engine.py:352: ResourceWarning: unclosed file <_io.TextIOWrapper name='/proc/2214078/status' mode='r' encoding='UTF-8'>
  for line in open('/proc/%d/status' % pid):
ResourceWarning: Enable tracemalloc to get the object allocation traceback
/home/zhangd2/projects/metacoin/metacoin_service/compute/engine.py:350: ResourceWarning: unclosed file <_io.TextIOWrapper name='/proc/2214097/stat' mode='r' encoding='UTF-8'>
  fields = open('/proc/%d/stat' % pid).read().split(')')[-1].split()
ResourceWarning: Enable tracemalloc to get the object allocation traceback
/home/zhangd2/projects/metacoin/metacoin_service/compute/engine.py:352: ResourceWarning: unclosed file <_io.TextIOWrapper name='/proc/2214097/status' mode='r' encoding='UTF-8'>
  for line in open('/proc/%d/status' % pid):
ResourceWarning: Enable tracemalloc to get the object allocation traceback
ok
test_incremental_reindexing_reuses_compatible_vectors_and_keeps_old_citations (metacoin_service.tests.test_backlog_late.LateBacklogTests.test_incremental_reindexing_reuses_compatible_vectors_and_keeps_old_citations) ... /home/zhangd2/projects/metacoin/metacoin_service/tests/test_service.py:54: ResourceWarning: unclosed file <_io.TextIOWrapper name='/tmp/tmpdd45nmzp/home/credentials/bootstrap.json' mode='r' encoding='UTF-8'>
  self.creds = json.load(open(info['credential_file']))
ResourceWarning: Enable tracemalloc to get the object allocation traceback
ok
test_model_routing_by_evaluated_capability (metacoin_service.tests.test_backlog_late.LateBacklogTests.test_model_routing_by_evaluated_capability) ... /home/zhangd2/projects/metacoin/metacoin_service/tests/test_service.py:54: ResourceWarning: unclosed file <_io.TextIOWrapper name='/tmp/tmpxlrgvmyr/home/credentials/bootstrap.json' mode='r' encoding='UTF-8'>
  self.creds = json.load(open(info['credential_file']))
ResourceWarning: Enable tracemalloc to get the object allocation traceback
ok
test_report_pdf_and_projection_pdf (metacoin_service.tests.test_backlog_late.LateBacklogTests.test_report_pdf_and_projection_pdf) ... /home/zhangd2/projects/metacoin/metacoin_service/tests/test_service.py:54: ResourceWarning: unclosed file <_io.TextIOWrapper name='/tmp/tmpvhlp9am7/home/credentials/bootstrap.json' mode='r' encoding='UTF-8'>
  self.creds = json.load(open(info['credential_file']))
ResourceWarning: Enable tracemalloc to get the object allocation traceback
/home/zhangd2/projects/metacoin/metacoin_service/compute/engine.py:350: ResourceWarning: unclosed file <_io.TextIOWrapper name='/proc/2217336/stat' mode='r' encoding='UTF-8'>
  fields = open('/proc/%d/stat' % pid).read().split(')')[-1].split()
ResourceWarning: Enable tracemalloc to get the object allocation traceback
/home/zhangd2/projects/metacoin/metacoin_service/compute/engine.py:352: ResourceWarning: unclosed file <_io.TextIOWrapper name='/proc/2217336/status' mode='r' encoding='UTF-8'>
  for line in open('/proc/%d/status' % pid):
ResourceWarning: Enable tracemalloc to get the object allocation traceback
/home/zhangd2/projects/metacoin/metacoin_service/compute/engine.py:211: ResourceWarning: unclosed file <_io.BufferedReader name=10>
  return self._supervise(job, contract, spec, run, man, workdir, backend, latest)
ResourceWarning: Enable tracemalloc to get the object allocation traceback
ok
test_batching_preserves_cancellation_accounting_identity_and_isolation (metacoin_service.tests.test_batching_warmup.BatchingWarmupTests.test_batching_preserves_cancellation_accounting_identity_and_isolation) ... /home/zhangd2/projects/metacoin/metacoin_service/tests/test_service.py:54: ResourceWarning: unclosed file <_io.TextIOWrapper name='/tmp/tmpcs3q_phg/home/credentials/bootstrap.json' mode='r' encoding='UTF-8'>
  self.creds = json.load(open(info['credential_file']))
ResourceWarning: Enable tracemalloc to get the object allocation traceback
ok
test_warmup_policy_ceiling_drain_and_reporting (metacoin_service.tests.test_batching_warmup.BatchingWarmupTests.test_warmup_policy_ceiling_drain_and_reporting) ... /home/zhangd2/projects/metacoin/metacoin_service/tests/test_service.py:54: ResourceWarning: unclosed file <_io.TextIOWrapper name='/tmp/tmpbertsirq/home/credentials/bootstrap.json' mode='r' encoding='UTF-8'>
  self.creds = json.load(open(info['credential_file']))
ResourceWarning: Enable tracemalloc to get the object allocation traceback
ok
test_run_and_node_ceilings_and_release_on_cancel (metacoin_service.tests.test_budgets.BudgetTests.test_run_and_node_ceilings_and_release_on_cancel) ... /home/zhangd2/projects/metacoin/metacoin_service/tests/test_service.py:54: ResourceWarning: unclosed file <_io.TextIOWrapper name='/tmp/tmpfa2e5drx/home/credentials/bootstrap.json' mode='r' encoding='UTF-8'>
  self.creds = json.load(open(info['credential_file']))
ResourceWarning: Enable tracemalloc to get the object allocation traceback
ok
test_two_runs_share_the_workspace_ceiling_under_concurrent_workers (metacoin_service.tests.test_budgets.BudgetTests.test_two_runs_share_the_workspace_ceiling_under_concurrent_workers) ... /home/zhangd2/projects/metacoin/metacoin_service/tests/test_service.py:54: ResourceWarning: unclosed file <_io.TextIOWrapper name='/tmp/tmpysavbsnr/home/credentials/bootstrap.json' mode='r' encoding='UTF-8'>
  self.creds = json.load(open(info['credential_file']))
ResourceWarning: Enable tracemalloc to get the object allocation traceback
ok
test_export_check_import_between_instances (metacoin_service.tests.test_bundles_disagreements.BundleTests.test_export_check_import_between_instances) ... /home/zhangd2/projects/metacoin/metacoin_service/tests/test_service.py:54: ResourceWarning: unclosed file <_io.TextIOWrapper name='/tmp/tmplv2ke0mp/home/credentials/bootstrap.json' mode='r' encoding='UTF-8'>
  self.creds = json.load(open(info['credential_file']))
ResourceWarning: Enable tracemalloc to get the object allocation traceback
/home/zhangd2/projects/metacoin/metacoin_service/tests/test_service.py:54: ResourceWarning: unclosed file <_io.TextIOWrapper name='/tmp/tmpbiuq6do5/home/credentials/bootstrap.json' mode='r' encoding='UTF-8'>
  self.creds = json.load(open(info['credential_file']))
ResourceWarning: Enable tracemalloc to get the object allocation traceback
/usr/lib/python3.12/subprocess.py:1127: ResourceWarning: subprocess 2214841 is still running
  _warn("subprocess %s is still running" % self.pid,
ResourceWarning: Enable tracemalloc to get the object allocation traceback
/usr/lib/python3.12/functools.py:519: ResourceWarning: unclosed file <_io.BufferedWriter name='/tmp/tmpdd45nmzp/home/models/runtime-mr_9bdce5a119a4-5575a6/stderr.log'>
  wrapper = _lru_cache_wrapper(user_function, maxsize, typed, _CacheInfo)
ResourceWarning: Enable tracemalloc to get the object allocation traceback
/usr/lib/python3.12/functools.py:519: ResourceWarning: unclosed file <_io.BufferedWriter name=15>
  wrapper = _lru_cache_wrapper(user_function, maxsize, typed, _CacheInfo)
ResourceWarning: Enable tracemalloc to get the object allocation traceback
/usr/lib/python3.12/functools.py:519: ResourceWarning: unclosed file <_io.BufferedReader name=16>
  wrapper = _lru_cache_wrapper(user_function, maxsize, typed, _CacheInfo)
ResourceWarning: Enable tracemalloc to get the object allocation traceback
ok
test_groups_differences_and_evidence_bound_decisions (metacoin_service.tests.test_bundles_disagreements.DisagreementTests.test_groups_differences_and_evidence_bound_decisions) ... /home/zhangd2/projects/metacoin/metacoin_service/tests/test_service.py:54: ResourceWarning: unclosed file <_io.TextIOWrapper name='/tmp/tmp92av4u8l/home/credentials/bootstrap.json' mode='r' encoding='UTF-8'>
  self.creds = json.load(open(info['credential_file']))
ResourceWarning: Enable tracemalloc to get the object allocation traceback
/home/zhangd2/projects/metacoin/metacoin_service/compute/engine.py:350: ResourceWarning: unclosed file <_io.TextIOWrapper name='/proc/2221389/stat' mode='r' encoding='UTF-8'>
  fields = open('/proc/%d/stat' % pid).read().split(')')[-1].split()
ResourceWarning: Enable tracemalloc to get the object allocation traceback
/home/zhangd2/projects/metacoin/metacoin_service/compute/engine.py:352: ResourceWarning: unclosed file <_io.TextIOWrapper name='/proc/2221389/status' mode='r' encoding='UTF-8'>
  for line in open('/proc/%d/status' % pid):
ResourceWarning: Enable tracemalloc to get the object allocation traceback
/home/zhangd2/projects/metacoin/metacoin_service/compute/engine.py:211: ResourceWarning: unclosed file <_io.BufferedReader name=10>
  return self._supervise(job, contract, spec, run, man, workdir, backend, latest)
ResourceWarning: Enable tracemalloc to get the object allocation traceback
ok
test_fits_predictions_verification_and_scheduling_signal (metacoin_service.tests.test_calibration.CalibrationTests.test_fits_predictions_verification_and_scheduling_signal) ... /home/zhangd2/projects/metacoin/metacoin_service/tests/test_service.py:54: ResourceWarning: unclosed file <_io.TextIOWrapper name='/tmp/tmpptthw86a/home/credentials/bootstrap.json' mode='r' encoding='UTF-8'>
  self.creds = json.load(open(info['credential_file']))
ResourceWarning: Enable tracemalloc to get the object allocation traceback
/home/zhangd2/projects/metacoin/metacoin_service/compute/engine.py:350: ResourceWarning: unclosed file <_io.TextIOWrapper name='/proc/2221445/stat' mode='r' encoding='UTF-8'>
  fields = open('/proc/%d/stat' % pid).read().split(')')[-1].split()
ResourceWarning: Enable tracemalloc to get the object allocation traceback
/home/zhangd2/projects/metacoin/metacoin_service/compute/engine.py:352: ResourceWarning: unclosed file <_io.TextIOWrapper name='/proc/2221445/status' mode='r' encoding='UTF-8'>
  for line in open('/proc/%d/status' % pid):
ResourceWarning: Enable tracemalloc to get the object allocation traceback
/home/zhangd2/projects/metacoin/metacoin_service/compute/engine.py:211: ResourceWarning: unclosed file <_io.BufferedReader name=10>
  return self._supervise(job, contract, spec, run, man, workdir, backend, latest)
ResourceWarning: Enable tracemalloc to get the object allocation traceback
/home/zhangd2/projects/metacoin/metacoin_service/compute/engine.py:350: ResourceWarning: unclosed file <_io.TextIOWrapper name='/proc/2221467/stat' mode='r' encoding='UTF-8'>
  fields = open('/proc/%d/stat' % pid).read().split(')')[-1].split()
ResourceWarning: Enable tracemalloc to get the object allocation traceback
/home/zhangd2/projects/metacoin/metacoin_service/compute/engine.py:352: ResourceWarning: unclosed file <_io.TextIOWrapper name='/proc/2221467/status' mode='r' encoding='UTF-8'>
  for line in open('/proc/%d/status' % pid):
ResourceWarning: Enable tracemalloc to get the object allocation traceback
/home/zhangd2/projects/metacoin/metacoin_service/compute/engine.py:350: ResourceWarning: unclosed file <_io.TextIOWrapper name='/proc/2221481/stat' mode='r' encoding='UTF-8'>
  fields = open('/proc/%d/stat' % pid).read().split(')')[-1].split()
ResourceWarning: Enable tracemalloc to get the object allocation traceback
/home/zhangd2/projects/metacoin/metacoin_service/compute/engine.py:352: ResourceWarning: unclosed file <_io.TextIOWrapper name='/proc/2221481/status' mode='r' encoding='UTF-8'>
  for line in open('/proc/%d/status' % pid):
ResourceWarning: Enable tracemalloc to get the object allocation traceback
/home/zhangd2/projects/metacoin/metacoin_service/compute/engine.py:350: ResourceWarning: unclosed file <_io.TextIOWrapper name='/proc/2221492/stat' mode='r' encoding='UTF-8'>
  fields = open('/proc/%d/stat' % pid).read().split(')')[-1].split()
ResourceWarning: Enable tracemalloc to get the object allocation traceback
/home/zhangd2/projects/metacoin/metacoin_service/compute/engine.py:352: ResourceWarning: unclosed file <_io.TextIOWrapper name='/proc/2221492/status' mode='r' encoding='UTF-8'>
  for line in open('/proc/%d/status' % pid):
ResourceWarning: Enable tracemalloc to get the object allocation traceback
/home/zhangd2/projects/metacoin/metacoin_service/compute/engine.py:350: ResourceWarning: unclosed file <_io.TextIOWrapper name='/proc/2221501/stat' mode='r' encoding='UTF-8'>
  fields = open('/proc/%d/stat' % pid).read().split(')')[-1].split()
ResourceWarning: Enable tracemalloc to get the object allocation traceback
/home/zhangd2/projects/metacoin/metacoin_service/compute/engine.py:352: ResourceWarning: unclosed file <_io.TextIOWrapper name='/proc/2221501/status' mode='r' encoding='UTF-8'>
  for line in open('/proc/%d/status' % pid):
ResourceWarning: Enable tracemalloc to get the object allocation traceback
/home/zhangd2/projects/metacoin/metacoin_service/compute/engine.py:350: ResourceWarning: unclosed file <_io.TextIOWrapper name='/proc/2221545/stat' mode='r' encoding='UTF-8'>
  fields = open('/proc/%d/stat' % pid).read().split(')')[-1].split()
ResourceWarning: Enable tracemalloc to get the object allocation traceback
/home/zhangd2/projects/metacoin/metacoin_service/compute/engine.py:352: ResourceWarning: unclosed file <_io.TextIOWrapper name='/proc/2221545/status' mode='r' encoding='UTF-8'>
  for line in open('/proc/%d/status' % pid):
ResourceWarning: Enable tracemalloc to get the object allocation traceback
/home/zhangd2/projects/metacoin/metacoin_service/compute/engine.py:350: ResourceWarning: unclosed file <_io.TextIOWrapper name='/proc/2221567/stat' mode='r' encoding='UTF-8'>
  fields = open('/proc/%d/stat' % pid).read().split(')')[-1].split()
ResourceWarning: Enable tracemalloc to get the object allocation traceback
/home/zhangd2/projects/metacoin/metacoin_service/compute/engine.py:352: ResourceWarning: unclosed file <_io.TextIOWrapper name='/proc/2221567/status' mode='r' encoding='UTF-8'>
  for line in open('/proc/%d/status' % pid):
ResourceWarning: Enable tracemalloc to get the object allocation traceback
/home/zhangd2/projects/metacoin/metacoin_service/compute/engine.py:350: ResourceWarning: unclosed file <_io.TextIOWrapper name='/proc/2221598/stat' mode='r' encoding='UTF-8'>
  fields = open('/proc/%d/stat' % pid).read().split(')')[-1].split()
ResourceWarning: Enable tracemalloc to get the object allocation traceback
/home/zhangd2/projects/metacoin/metacoin_service/compute/engine.py:352: ResourceWarning: unclosed file <_io.TextIOWrapper name='/proc/2221598/status' mode='r' encoding='UTF-8'>
  for line in open('/proc/%d/status' % pid):
ResourceWarning: Enable tracemalloc to get the object allocation traceback
/home/zhangd2/projects/metacoin/metacoin_service/compute/engine.py:350: ResourceWarning: unclosed file <_io.TextIOWrapper name='/proc/2221612/stat' mode='r' encoding='UTF-8'>
  fields = open('/proc/%d/stat' % pid).read().split(')')[-1].split()
ResourceWarning: Enable tracemalloc to get the object allocation traceback
/home/zhangd2/projects/metacoin/metacoin_service/compute/engine.py:352: ResourceWarning: unclosed file <_io.TextIOWrapper name='/proc/2221612/status' mode='r' encoding='UTF-8'>
  for line in open('/proc/%d/status' % pid):
ResourceWarning: Enable tracemalloc to get the object allocation traceback
/home/zhangd2/projects/metacoin/metacoin_service/compute/engine.py:350: ResourceWarning: unclosed file <_io.TextIOWrapper name='/proc/2221640/stat' mode='r' encoding='UTF-8'>
  fields = open('/proc/%d/stat' % pid).read().split(')')[-1].split()
ResourceWarning: Enable tracemalloc to get the object allocation traceback
/home/zhangd2/projects/metacoin/metacoin_service/compute/engine.py:352: ResourceWarning: unclosed file <_io.TextIOWrapper name='/proc/2221640/status' mode='r' encoding='UTF-8'>
  for line in open('/proc/%d/status' % pid):
ResourceWarning: Enable tracemalloc to get the object allocation traceback
/home/zhangd2/projects/metacoin/metacoin_service/compute/engine.py:350: ResourceWarning: unclosed file <_io.TextIOWrapper name='/proc/2221648/stat' mode='r' encoding='UTF-8'>
  fields = open('/proc/%d/stat' % pid).read().split(')')[-1].split()
ResourceWarning: Enable tracemalloc to get the object allocation traceback
/home/zhangd2/projects/metacoin/metacoin_service/compute/engine.py:352: ResourceWarning: unclosed file <_io.TextIOWrapper name='/proc/2221648/status' mode='r' encoding='UTF-8'>
  for line in open('/proc/%d/status' % pid):
ResourceWarning: Enable tracemalloc to get the object allocation traceback
/home/zhangd2/projects/metacoin/metacoin_service/compute/engine.py:350: ResourceWarning: unclosed file <_io.TextIOWrapper name='/proc/2221668/stat' mode='r' encoding='UTF-8'>
  fields = open('/proc/%d/stat' % pid).read().split(')')[-1].split()
ResourceWarning: Enable tracemalloc to get the object allocation traceback
/home/zhangd2/projects/metacoin/metacoin_service/compute/engine.py:352: ResourceWarning: unclosed file <_io.TextIOWrapper name='/proc/2221668/status' mode='r' encoding='UTF-8'>
  for line in open('/proc/%d/status' % pid):
ResourceWarning: Enable tracemalloc to get the object allocation traceback
ok
test_design_suggestions_rank_by_predicted_utility_under_cost_policy (metacoin_service.tests.test_calibration.DesignSuggestionTests.test_design_suggestions_rank_by_predicted_utility_under_cost_policy) ... /home/zhangd2/projects/metacoin/metacoin_service/tests/test_service.py:54: ResourceWarning: unclosed file <_io.TextIOWrapper name='/tmp/tmp1cbwddz_/home/credentials/bootstrap.json' mode='r' encoding='UTF-8'>
  self.creds = json.load(open(info['credential_file']))
ResourceWarning: Enable tracemalloc to get the object allocation traceback
/home/zhangd2/projects/metacoin/metacoin_service/compute/engine.py:350: ResourceWarning: unclosed file <_io.TextIOWrapper name='/proc/2221688/stat' mode='r' encoding='UTF-8'>
  fields = open('/proc/%d/stat' % pid).read().split(')')[-1].split()
ResourceWarning: Enable tracemalloc to get the object allocation traceback
/home/zhangd2/projects/metacoin/metacoin_service/compute/engine.py:352: ResourceWarning: unclosed file <_io.TextIOWrapper name='/proc/2221688/status' mode='r' encoding='UTF-8'>
  for line in open('/proc/%d/status' % pid):
ResourceWarning: Enable tracemalloc to get the object allocation traceback
/home/zhangd2/projects/metacoin/metacoin_service/compute/engine.py:211: ResourceWarning: unclosed file <_io.BufferedReader name=10>
  return self._supervise(job, contract, spec, run, man, workdir, backend, latest)
ResourceWarning: Enable tracemalloc to get the object allocation traceback
ok
test_householder_recovers_exact_model_and_flags_rank_deficiency (metacoin_service.tests.test_calibration.ReferenceTests.test_householder_recovers_exact_model_and_flags_rank_deficiency) ... ok
test_adaptive_bisection_matches_exhaustive_reference_and_refuses_non_monotone (metacoin_service.tests.test_campaigns.CampaignTests.test_adaptive_bisection_matches_exhaustive_reference_and_refuses_non_monotone) ... /home/zhangd2/projects/metacoin/metacoin_service/tests/test_service.py:54: ResourceWarning: unclosed file <_io.TextIOWrapper name='/tmp/tmp60pclqzi/home/credentials/bootstrap.json' mode='r' encoding='UTF-8'>
  self.creds = json.load(open(info['credential_file']))
ResourceWarning: Enable tracemalloc to get the object allocation traceback
ok
test_dataset_backed_campaign_and_refinement (metacoin_service.tests.test_campaigns.CampaignTests.test_dataset_backed_campaign_and_refinement) ... /home/zhangd2/projects/metacoin/metacoin_service/tests/test_service.py:54: ResourceWarning: unclosed file <_io.TextIOWrapper name='/tmp/tmp_wagn22i/home/credentials/bootstrap.json' mode='r' encoding='UTF-8'>
  self.creds = json.load(open(info['credential_file']))
ResourceWarning: Enable tracemalloc to get the object allocation traceback
ok
test_grid_preview_enumeration_and_results (metacoin_service.tests.test_campaigns.CampaignTests.test_grid_preview_enumeration_and_results) ... /home/zhangd2/projects/metacoin/metacoin_service/tests/test_service.py:54: ResourceWarning: unclosed file <_io.TextIOWrapper name='/tmp/tmpsven2nfl/home/credentials/bootstrap.json' mode='r' encoding='UTF-8'>
  self.creds = json.load(open(info['credential_file']))
ResourceWarning: Enable tracemalloc to get the object allocation traceback
ok
test_limits_invalid_candidates_resume_pause_cancel (metacoin_service.tests.test_campaigns.CampaignTests.test_limits_invalid_candidates_resume_pause_cancel) ... /home/zhangd2/projects/metacoin/metacoin_service/tests/test_service.py:54: ResourceWarning: unclosed file <_io.TextIOWrapper name='/tmp/tmpotnd3cs7/home/credentials/bootstrap.json' mode='r' encoding='UTF-8'>
  self.creds = json.load(open(info['credential_file']))
ResourceWarning: Enable tracemalloc to get the object allocation traceback
ok
test_catalog_lists_installed_services_with_separate_status_facts (metacoin_service.tests.test_catalog.CatalogTests.test_catalog_lists_installed_services_with_separate_status_facts) ... /home/zhangd2/projects/metacoin/metacoin_service/tests/test_service.py:54: ResourceWarning: unclosed file <_io.TextIOWrapper name='/tmp/tmpj_rrkq_y/home/credentials/bootstrap.json' mode='r' encoding='UTF-8'>
  self.creds = json.load(open(info['credential_file']))
ResourceWarning: Enable tracemalloc to get the object allocation traceback
ok
test_quote_bindings (metacoin_service.tests.test_catalog.CatalogTests.test_quote_bindings) ... /home/zhangd2/projects/metacoin/metacoin_service/tests/test_service.py:54: ResourceWarning: unclosed file <_io.TextIOWrapper name='/tmp/tmpxqtij77q/home/credentials/bootstrap.json' mode='r' encoding='UTF-8'>
  self.creds = json.load(open(info['credential_file']))
ResourceWarning: Enable tracemalloc to get the object allocation traceback
ok
/home/zhangd2/projects/metacoin/metacoin_service/tests/test_service.py:54: ResourceWarning: unclosed file <_io.TextIOWrapper name='/tmp/tmpgx8bsrlc/home/credentials/bootstrap.json' mode='r' encoding='UTF-8'>
  self.creds = json.load(open(info['credential_file']))
ResourceWarning: Enable tracemalloc to get the object allocation traceback
test_discover_quote_pay_invoke_and_meter (metacoin_service.tests.test_catalog.PaidInvocationOverTcp.test_discover_quote_pay_invoke_and_meter) ... ok
test_cancel_during_run_keeps_checkpoint_evidence_and_reports_cancelled (metacoin_service.tests.test_compute_engine.ComputeEngineTests.test_cancel_during_run_keeps_checkpoint_evidence_and_reports_cancelled) ... /home/zhangd2/projects/metacoin/metacoin_service/tests/test_service.py:54: ResourceWarning: unclosed file <_io.TextIOWrapper name='/tmp/tmpqyb7kc1_/home/credentials/bootstrap.json' mode='r' encoding='UTF-8'>
  self.creds = json.load(open(info['credential_file']))
ResourceWarning: Enable tracemalloc to get the object allocation traceback
/home/zhangd2/projects/metacoin/metacoin_service/compute/engine.py:350: ResourceWarning: unclosed file <_io.TextIOWrapper name='/proc/2222029/stat' mode='r' encoding='UTF-8'>
  fields = open('/proc/%d/stat' % pid).read().split(')')[-1].split()
ResourceWarning: Enable tracemalloc to get the object allocation traceback
/home/zhangd2/projects/metacoin/metacoin_service/compute/engine.py:352: ResourceWarning: unclosed file <_io.TextIOWrapper name='/proc/2222029/status' mode='r' encoding='UTF-8'>
  for line in open('/proc/%d/status' % pid):
ResourceWarning: Enable tracemalloc to get the object allocation traceback
/home/zhangd2/projects/metacoin/metacoin_service/compute/engine.py:211: ResourceWarning: unclosed file <_io.BufferedReader name=12>
  return self._supervise(job, contract, spec, run, man, workdir, backend, latest)
ResourceWarning: Enable tracemalloc to get the object allocation traceback
ok
test_capacity_race_respects_one_slot_and_headroom (metacoin_service.tests.test_compute_engine.ComputeEngineTests.test_capacity_race_respects_one_slot_and_headroom) ... /home/zhangd2/projects/metacoin/metacoin_service/tests/test_service.py:54: ResourceWarning: unclosed file <_io.TextIOWrapper name='/tmp/tmp92yc0jt9/home/credentials/bootstrap.json' mode='r' encoding='UTF-8'>
  self.creds = json.load(open(info['credential_file']))
ResourceWarning: Enable tracemalloc to get the object allocation traceback
/home/zhangd2/projects/metacoin/metacoin_service/compute/engine.py:350: ResourceWarning: unclosed file <_io.TextIOWrapper name='/proc/2222084/stat' mode='r' encoding='UTF-8'>
  fields = open('/proc/%d/stat' % pid).read().split(')')[-1].split()
ResourceWarning: Enable tracemalloc to get the object allocation traceback
/home/zhangd2/projects/metacoin/metacoin_service/compute/engine.py:352: ResourceWarning: unclosed file <_io.TextIOWrapper name='/proc/2222084/status' mode='r' encoding='UTF-8'>
  for line in open('/proc/%d/status' % pid):
ResourceWarning: Enable tracemalloc to get the object allocation traceback
/home/zhangd2/projects/metacoin/metacoin_service/compute/engine.py:211: ResourceWarning: unclosed file <_io.BufferedReader name=19>
  return self._supervise(job, contract, spec, run, man, workdir, backend, latest)
ResourceWarning: Enable tracemalloc to get the object allocation traceback
/home/zhangd2/projects/metacoin/metacoin_service/compute/engine.py:350: ResourceWarning: unclosed file <_io.TextIOWrapper name='/proc/2222107/stat' mode='r' encoding='UTF-8'>
  fields = open('/proc/%d/stat' % pid).read().split(')')[-1].split()
ResourceWarning: Enable tracemalloc to get the object allocation traceback
/home/zhangd2/projects/metacoin/metacoin_service/compute/engine.py:352: ResourceWarning: unclosed file <_io.TextIOWrapper name='/proc/2222107/status' mode='r' encoding='UTF-8'>
  for line in open('/proc/%d/status' % pid):
ResourceWarning: Enable tracemalloc to get the object allocation traceback
/home/zhangd2/projects/metacoin/metacoin_service/compute/engine.py:211: ResourceWarning: unclosed file <_io.BufferedReader name=12>
  return self._supervise(job, contract, spec, run, man, workdir, backend, latest)
ResourceWarning: Enable tracemalloc to get the object allocation traceback
ok
test_corrupted_or_foreign_checkpoint_is_refused_safely (metacoin_service.tests.test_compute_engine.ComputeEngineTests.test_corrupted_or_foreign_checkpoint_is_refused_safely) ... /home/zhangd2/projects/metacoin/metacoin_service/tests/test_service.py:54: ResourceWarning: unclosed file <_io.TextIOWrapper name='/tmp/tmp8st5s4o8/home/credentials/bootstrap.json' mode='r' encoding='UTF-8'>
  self.creds = json.load(open(info['credential_file']))
ResourceWarning: Enable tracemalloc to get the object allocation traceback
/home/zhangd2/projects/metacoin/metacoin_service/compute/engine.py:350: ResourceWarning: unclosed file <_io.TextIOWrapper name='/proc/2222120/stat' mode='r' encoding='UTF-8'>
  fields = open('/proc/%d/stat' % pid).read().split(')')[-1].split()
ResourceWarning: Enable tracemalloc to get the object allocation traceback
/home/zhangd2/projects/metacoin/metacoin_service/compute/engine.py:352: ResourceWarning: unclosed file <_io.TextIOWrapper name='/proc/2222120/status' mode='r' encoding='UTF-8'>
  for line in open('/proc/%d/status' % pid):
ResourceWarning: Enable tracemalloc to get the object allocation traceback
/home/zhangd2/projects/metacoin/metacoin_service/compute/engine.py:211: ResourceWarning: unclosed file <_io.BufferedReader name=19>
  return self._supervise(job, contract, spec, run, man, workdir, backend, latest)
ResourceWarning: Enable tracemalloc to get the object allocation traceback
/home/zhangd2/projects/metacoin/metacoin_service/compute/engine.py:350: ResourceWarning: unclosed file <_io.TextIOWrapper name='/proc/2222170/stat' mode='r' encoding='UTF-8'>
  fields = open('/proc/%d/stat' % pid).read().split(')')[-1].split()
ResourceWarning: Enable tracemalloc to get the object allocation traceback
/home/zhangd2/projects/metacoin/metacoin_service/compute/engine.py:352: ResourceWarning: unclosed file <_io.TextIOWrapper name='/proc/2222170/status' mode='r' encoding='UTF-8'>
  for line in open('/proc/%d/status' % pid):
ResourceWarning: Enable tracemalloc to get the object allocation traceback
/home/zhangd2/projects/metacoin/metacoin_service/compute/engine.py:211: ResourceWarning: unclosed file <_io.BufferedReader name=12>
  return self._supervise(job, contract, spec, run, man, workdir, backend, latest)
ResourceWarning: Enable tracemalloc to get the object allocation traceback
ok
test_cpu_batch_and_monte_carlo_complete_verified_with_private_outputs (metacoin_service.tests.test_compute_engine.ComputeEngineTests.test_cpu_batch_and_monte_carlo_complete_verified_with_private_outputs) ... /home/zhangd2/projects/metacoin/metacoin_service/tests/test_service.py:54: ResourceWarning: unclosed file <_io.TextIOWrapper name='/tmp/tmpzv_5l_ae/home/credentials/bootstrap.json' mode='r' encoding='UTF-8'>
  self.creds = json.load(open(info['credential_file']))
ResourceWarning: Enable tracemalloc to get the object allocation traceback
/home/zhangd2/projects/metacoin/metacoin_service/compute/engine.py:350: ResourceWarning: unclosed file <_io.TextIOWrapper name='/proc/2222188/stat' mode='r' encoding='UTF-8'>
  fields = open('/proc/%d/stat' % pid).read().split(')')[-1].split()
ResourceWarning: Enable tracemalloc to get the object allocation traceback
/home/zhangd2/projects/metacoin/metacoin_service/compute/engine.py:352: ResourceWarning: unclosed file <_io.TextIOWrapper name='/proc/2222188/status' mode='r' encoding='UTF-8'>
  for line in open('/proc/%d/status' % pid):
ResourceWarning: Enable tracemalloc to get the object allocation traceback
/home/zhangd2/projects/metacoin/metacoin_service/compute/engine.py:211: ResourceWarning: unclosed file <_io.BufferedReader name=12>
  return self._supervise(job, contract, spec, run, man, workdir, backend, latest)
ResourceWarning: Enable tracemalloc to get the object allocation traceback
/home/zhangd2/projects/metacoin/metacoin_service/compute/engine.py:350: ResourceWarning: unclosed file <_io.TextIOWrapper name='/proc/2222192/stat' mode='r' encoding='UTF-8'>
  fields = open('/proc/%d/stat' % pid).read().split(')')[-1].split()
ResourceWarning: Enable tracemalloc to get the object allocation traceback
/home/zhangd2/projects/metacoin/metacoin_service/compute/engine.py:352: ResourceWarning: unclosed file <_io.TextIOWrapper name='/proc/2222192/status' mode='r' encoding='UTF-8'>
  for line in open('/proc/%d/status' % pid):
ResourceWarning: Enable tracemalloc to get the object allocation traceback
/home/zhangd2/projects/metacoin/metacoin_service/compute/engine.py:350: ResourceWarning: unclosed file <_io.TextIOWrapper name='/proc/2222238/stat' mode='r' encoding='UTF-8'>
  fields = open('/proc/%d/stat' % pid).read().split(')')[-1].split()
ResourceWarning: Enable tracemalloc to get the object allocation traceback
/home/zhangd2/projects/metacoin/metacoin_service/compute/engine.py:352: ResourceWarning: unclosed file <_io.TextIOWrapper name='/proc/2222238/status' mode='r' encoding='UTF-8'>
  for line in open('/proc/%d/status' % pid):
ResourceWarning: Enable tracemalloc to get the object allocation traceback
ok
test_gpu_required_batch_matches_cpu_reference_and_reports_the_device (metacoin_service.tests.test_compute_engine.ComputeEngineTests.test_gpu_required_batch_matches_cpu_reference_and_reports_the_device) ... /home/zhangd2/projects/metacoin/metacoin_service/tests/test_service.py:54: ResourceWarning: unclosed file <_io.TextIOWrapper name='/tmp/tmpdmcu86s6/home/credentials/bootstrap.json' mode='r' encoding='UTF-8'>
  self.creds = json.load(open(info['credential_file']))
ResourceWarning: Enable tracemalloc to get the object allocation traceback
/home/zhangd2/projects/metacoin/metacoin_service/compute/engine.py:350: ResourceWarning: unclosed file <_io.TextIOWrapper name='/proc/2222250/stat' mode='r' encoding='UTF-8'>
  fields = open('/proc/%d/stat' % pid).read().split(')')[-1].split()
ResourceWarning: Enable tracemalloc to get the object allocation traceback
/home/zhangd2/projects/metacoin/metacoin_service/compute/engine.py:352: ResourceWarning: unclosed file <_io.TextIOWrapper name='/proc/2222250/status' mode='r' encoding='UTF-8'>
  for line in open('/proc/%d/status' % pid):
ResourceWarning: Enable tracemalloc to get the object allocation traceback
/home/zhangd2/projects/metacoin/metacoin_service/compute/engine.py:211: ResourceWarning: unclosed file <_io.BufferedReader name=12>
  return self._supervise(job, contract, spec, run, man, workdir, backend, latest)
ResourceWarning: Enable tracemalloc to get the object allocation traceback
/home/zhangd2/projects/metacoin/metacoin_service/compute/engine.py:350: ResourceWarning: unclosed file <_io.TextIOWrapper name='/proc/2222271/stat' mode='r' encoding='UTF-8'>
  fields = open('/proc/%d/stat' % pid).read().split(')')[-1].split()
ResourceWarning: Enable tracemalloc to get the object allocation traceback
/home/zhangd2/projects/metacoin/metacoin_service/compute/engine.py:352: ResourceWarning: unclosed file <_io.TextIOWrapper name='/proc/2222271/status' mode='r' encoding='UTF-8'>
  for line in open('/proc/%d/status' % pid):
ResourceWarning: Enable tracemalloc to get the object allocation traceback
ok
test_gpu_required_waits_when_no_cuda_worker_and_cpu_only_worker_cannot_take_it (metacoin_service.tests.test_compute_engine.ComputeEngineTests.test_gpu_required_waits_when_no_cuda_worker_and_cpu_only_worker_cannot_take_it) ... /home/zhangd2/projects/metacoin/metacoin_service/tests/test_service.py:54: ResourceWarning: unclosed file <_io.TextIOWrapper name='/tmp/tmpeav4payf/home/credentials/bootstrap.json' mode='r' encoding='UTF-8'>
  self.creds = json.load(open(info['credential_file']))
ResourceWarning: Enable tracemalloc to get the object allocation traceback
ok
test_heat_unstable_refused_and_stable_run_verified_with_checkpoints_pause_resume (metacoin_service.tests.test_compute_engine.ComputeEngineTests.test_heat_unstable_refused_and_stable_run_verified_with_checkpoints_pause_resume) ... /home/zhangd2/projects/metacoin/metacoin_service/tests/test_service.py:54: ResourceWarning: unclosed file <_io.TextIOWrapper name='/tmp/tmpzx_u9t09/home/credentials/bootstrap.json' mode='r' encoding='UTF-8'>
  self.creds = json.load(open(info['credential_file']))
ResourceWarning: Enable tracemalloc to get the object allocation traceback
/home/zhangd2/projects/metacoin/metacoin_service/compute/engine.py:350: ResourceWarning: unclosed file <_io.TextIOWrapper name='/proc/2222302/stat' mode='r' encoding='UTF-8'>
  fields = open('/proc/%d/stat' % pid).read().split(')')[-1].split()
ResourceWarning: Enable tracemalloc to get the object allocation traceback
/home/zhangd2/projects/metacoin/metacoin_service/compute/engine.py:352: ResourceWarning: unclosed file <_io.TextIOWrapper name='/proc/2222302/status' mode='r' encoding='UTF-8'>
  for line in open('/proc/%d/status' % pid):
ResourceWarning: Enable tracemalloc to get the object allocation traceback
/home/zhangd2/projects/metacoin/metacoin_service/compute/engine.py:211: ResourceWarning: unclosed file <_io.BufferedReader name=19>
  return self._supervise(job, contract, spec, run, man, workdir, backend, latest)
ResourceWarning: Enable tracemalloc to get the object allocation traceback
/home/zhangd2/projects/metacoin/metacoin_service/compute/engine.py:350: ResourceWarning: unclosed file <_io.TextIOWrapper name='/proc/2222372/stat' mode='r' encoding='UTF-8'>
  fields = open('/proc/%d/stat' % pid).read().split(')')[-1].split()
ResourceWarning: Enable tracemalloc to get the object allocation traceback
/home/zhangd2/projects/metacoin/metacoin_service/compute/engine.py:352: ResourceWarning: unclosed file <_io.TextIOWrapper name='/proc/2222372/status' mode='r' encoding='UTF-8'>
  for line in open('/proc/%d/status' % pid):
ResourceWarning: Enable tracemalloc to get the object allocation traceback
/home/zhangd2/projects/metacoin/metacoin_service/compute/engine.py:211: ResourceWarning: unclosed file <_io.BufferedReader name=12>
  return self._supervise(job, contract, spec, run, man, workdir, backend, latest)
ResourceWarning: Enable tracemalloc to get the object allocation traceback
/home/zhangd2/projects/metacoin/metacoin_service/compute/engine.py:350: ResourceWarning: unclosed file <_io.TextIOWrapper name='/proc/2222386/stat' mode='r' encoding='UTF-8'>
  fields = open('/proc/%d/stat' % pid).read().split(')')[-1].split()
ResourceWarning: Enable tracemalloc to get the object allocation traceback
/home/zhangd2/projects/metacoin/metacoin_service/compute/engine.py:352: ResourceWarning: unclosed file <_io.TextIOWrapper name='/proc/2222386/status' mode='r' encoding='UTF-8'>
  for line in open('/proc/%d/status' % pid):
ResourceWarning: Enable tracemalloc to get the object allocation traceback
ok
test_worker_killed_mid_run_recovers_from_the_last_published_checkpoint_under_a_new_generation (metacoin_service.tests.test_compute_engine.ComputeEngineTests.test_worker_killed_mid_run_recovers_from_the_last_published_checkpoint_under_a_new_generation) ... /home/zhangd2/projects/metacoin/metacoin_service/tests/test_service.py:54: ResourceWarning: unclosed file <_io.TextIOWrapper name='/tmp/tmpybt5yo8u/home/credentials/bootstrap.json' mode='r' encoding='UTF-8'>
  self.creds = json.load(open(info['credential_file']))
ResourceWarning: Enable tracemalloc to get the object allocation traceback
/home/zhangd2/projects/metacoin/metacoin_service/compute/engine.py:350: ResourceWarning: unclosed file <_io.TextIOWrapper name='/proc/2222480/stat' mode='r' encoding='UTF-8'>
  fields = open('/proc/%d/stat' % pid).read().split(')')[-1].split()
ResourceWarning: Enable tracemalloc to get the object allocation traceback
/home/zhangd2/projects/metacoin/metacoin_service/compute/engine.py:352: ResourceWarning: unclosed file <_io.TextIOWrapper name='/proc/2222480/status' mode='r' encoding='UTF-8'>
  for line in open('/proc/%d/status' % pid):
ResourceWarning: Enable tracemalloc to get the object allocation traceback
/home/zhangd2/projects/metacoin/metacoin_service/compute/engine.py:211: ResourceWarning: unclosed file <_io.BufferedReader name=12>
  return self._supervise(job, contract, spec, run, man, workdir, backend, latest)
ResourceWarning: Enable tracemalloc to get the object allocation traceback
ok
test_small_job_preempts_large_checkpointed_job_and_both_complete (metacoin_service.tests.test_compute_engine.PreemptionTests.test_small_job_preempts_large_checkpointed_job_and_both_complete) ... /home/zhangd2/projects/metacoin/metacoin_service/tests/test_service.py:54: ResourceWarning: unclosed file <_io.TextIOWrapper name='/tmp/tmpsx0h3knr/home/credentials/bootstrap.json' mode='r' encoding='UTF-8'>
  self.creds = json.load(open(info['credential_file']))
ResourceWarning: Enable tracemalloc to get the object allocation traceback
/home/zhangd2/projects/metacoin/metacoin_service/compute/engine.py:350: ResourceWarning: unclosed file <_io.TextIOWrapper name='/proc/2222503/stat' mode='r' encoding='UTF-8'>
  fields = open('/proc/%d/stat' % pid).read().split(')')[-1].split()
ResourceWarning: Enable tracemalloc to get the object allocation traceback
/home/zhangd2/projects/metacoin/metacoin_service/compute/engine.py:352: ResourceWarning: unclosed file <_io.TextIOWrapper name='/proc/2222503/status' mode='r' encoding='UTF-8'>
  for line in open('/proc/%d/status' % pid):
ResourceWarning: Enable tracemalloc to get the object allocation traceback
/home/zhangd2/projects/metacoin/metacoin_service/compute/engine.py:211: ResourceWarning: unclosed file <_io.BufferedReader name=19>
  return self._supervise(job, contract, spec, run, man, workdir, backend, latest)
ResourceWarning: Enable tracemalloc to get the object allocation traceback
/home/zhangd2/projects/metacoin/metacoin_service/compute/engine.py:350: ResourceWarning: unclosed file <_io.TextIOWrapper name='/proc/2222575/stat' mode='r' encoding='UTF-8'>
  fields = open('/proc/%d/stat' % pid).read().split(')')[-1].split()
ResourceWarning: Enable tracemalloc to get the object allocation traceback
/home/zhangd2/projects/metacoin/metacoin_service/compute/engine.py:352: ResourceWarning: unclosed file <_io.TextIOWrapper name='/proc/2222575/status' mode='r' encoding='UTF-8'>
  for line in open('/proc/%d/status' % pid):
ResourceWarning: Enable tracemalloc to get the object allocation traceback
/home/zhangd2/projects/metacoin/metacoin_service/compute/engine.py:211: ResourceWarning: unclosed file <_io.BufferedReader name=12>
  return self._supervise(job, contract, spec, run, man, workdir, backend, latest)
ResourceWarning: Enable tracemalloc to get the object allocation traceback
/home/zhangd2/projects/metacoin/metacoin_service/compute/engine.py:350: ResourceWarning: unclosed file <_io.TextIOWrapper name='/proc/2222581/stat' mode='r' encoding='UTF-8'>
  fields = open('/proc/%d/stat' % pid).read().split(')')[-1].split()
ResourceWarning: Enable tracemalloc to get the object allocation traceback
/home/zhangd2/projects/metacoin/metacoin_service/compute/engine.py:352: ResourceWarning: unclosed file <_io.TextIOWrapper name='/proc/2222581/status' mode='r' encoding='UTF-8'>
  for line in open('/proc/%d/status' % pid):
ResourceWarning: Enable tracemalloc to get the object allocation traceback
ok
test_console_compute_pages_and_form (metacoin_service.tests.test_compute_integration.ComputeIntegrationTests.test_console_compute_pages_and_form) ... /home/zhangd2/projects/metacoin/metacoin_service/tests/test_service.py:54: ResourceWarning: unclosed file <_io.TextIOWrapper name='/tmp/tmpnv6mahsh/home/credentials/bootstrap.json' mode='r' encoding='UTF-8'>
  self.creds = json.load(open(info['credential_file']))
ResourceWarning: Enable tracemalloc to get the object allocation traceback
/home/zhangd2/projects/metacoin/.venv-service/lib/python3.12/site-packages/starlette/testclient.py:463: DeprecationWarning: Setting per-request cookies=<...> is being deprecated, because the expected behaviour on cookie persistence is ambiguous. Set cookies directly on the client instance instead.
  return super().request(
/home/zhangd2/projects/metacoin/metacoin_service/compute/engine.py:350: ResourceWarning: unclosed file <_io.TextIOWrapper name='/proc/2222614/stat' mode='r' encoding='UTF-8'>
  fields = open('/proc/%d/stat' % pid).read().split(')')[-1].split()
ResourceWarning: Enable tracemalloc to get the object allocation traceback
/home/zhangd2/projects/metacoin/metacoin_service/compute/engine.py:352: ResourceWarning: unclosed file <_io.TextIOWrapper name='/proc/2222614/status' mode='r' encoding='UTF-8'>
  for line in open('/proc/%d/status' % pid):
ResourceWarning: Enable tracemalloc to get the object allocation traceback
/home/zhangd2/projects/metacoin/metacoin_service/compute/engine.py:211: ResourceWarning: unclosed file <_io.BufferedReader name=12>
  return self._supervise(job, contract, spec, run, man, workdir, backend, latest)
ResourceWarning: Enable tracemalloc to get the object allocation traceback
ok
test_heat_refinement_campaign_reports_error_versus_cost (metacoin_service.tests.test_compute_integration.ComputeIntegrationTests.test_heat_refinement_campaign_reports_error_versus_cost) ... /home/zhangd2/projects/metacoin/metacoin_service/tests/test_service.py:54: ResourceWarning: unclosed file <_io.TextIOWrapper name='/tmp/tmp14tvxpoo/home/credentials/bootstrap.json' mode='r' encoding='UTF-8'>
  self.creds = json.load(open(info['credential_file']))
ResourceWarning: Enable tracemalloc to get the object allocation traceback
/home/zhangd2/projects/metacoin/metacoin_service/compute/engine.py:350: ResourceWarning: unclosed file <_io.TextIOWrapper name='/proc/2222628/stat' mode='r' encoding='UTF-8'>
  fields = open('/proc/%d/stat' % pid).read().split(')')[-1].split()
ResourceWarning: Enable tracemalloc to get the object allocation traceback
/home/zhangd2/projects/metacoin/metacoin_service/compute/engine.py:352: ResourceWarning: unclosed file <_io.TextIOWrapper name='/proc/2222628/status' mode='r' encoding='UTF-8'>
  for line in open('/proc/%d/status' % pid):
ResourceWarning: Enable tracemalloc to get the object allocation traceback
/home/zhangd2/projects/metacoin/metacoin_service/compute/engine.py:211: ResourceWarning: unclosed file <_io.BufferedReader name=12>
  return self._supervise(job, contract, spec, run, man, workdir, backend, latest)
ResourceWarning: Enable tracemalloc to get the object allocation traceback
/home/zhangd2/projects/metacoin/metacoin_service/compute/engine.py:350: ResourceWarning: unclosed file <_io.TextIOWrapper name='/proc/2222634/stat' mode='r' encoding='UTF-8'>
  fields = open('/proc/%d/stat' % pid).read().split(')')[-1].split()
ResourceWarning: Enable tracemalloc to get the object allocation traceback
/home/zhangd2/projects/metacoin/metacoin_service/compute/engine.py:352: ResourceWarning: unclosed file <_io.TextIOWrapper name='/proc/2222634/status' mode='r' encoding='UTF-8'>
  for line in open('/proc/%d/status' % pid):
ResourceWarning: Enable tracemalloc to get the object allocation traceback
/home/zhangd2/projects/metacoin/metacoin_service/compute/engine.py:350: ResourceWarning: unclosed file <_io.TextIOWrapper name='/proc/2222640/stat' mode='r' encoding='UTF-8'>
  fields = open('/proc/%d/stat' % pid).read().split(')')[-1].split()
ResourceWarning: Enable tracemalloc to get the object allocation traceback
/home/zhangd2/projects/metacoin/metacoin_service/compute/engine.py:352: ResourceWarning: unclosed file <_io.TextIOWrapper name='/proc/2222640/status' mode='r' encoding='UTF-8'>
  for line in open('/proc/%d/status' % pid):
ResourceWarning: Enable tracemalloc to get the object allocation traceback
ok
test_workflow_batch_then_monte_carlo_with_review_gate_and_export (metacoin_service.tests.test_compute_integration.ComputeIntegrationTests.test_workflow_batch_then_monte_carlo_with_review_gate_and_export) ... /home/zhangd2/projects/metacoin/metacoin_service/tests/test_service.py:54: ResourceWarning: unclosed file <_io.TextIOWrapper name='/tmp/tmpesbmr2qc/home/credentials/bootstrap.json' mode='r' encoding='UTF-8'>
  self.creds = json.load(open(info['credential_file']))
ResourceWarning: Enable tracemalloc to get the object allocation traceback
/home/zhangd2/projects/metacoin/metacoin_service/compute/engine.py:350: ResourceWarning: unclosed file <_io.TextIOWrapper name='/proc/2222666/stat' mode='r' encoding='UTF-8'>
  fields = open('/proc/%d/stat' % pid).read().split(')')[-1].split()
ResourceWarning: Enable tracemalloc to get the object allocation traceback
/home/zhangd2/projects/metacoin/metacoin_service/compute/engine.py:352: ResourceWarning: unclosed file <_io.TextIOWrapper name='/proc/2222666/status' mode='r' encoding='UTF-8'>
  for line in open('/proc/%d/status' % pid):
ResourceWarning: Enable tracemalloc to get the object allocation traceback
/home/zhangd2/projects/metacoin/metacoin_service/compute/engine.py:211: ResourceWarning: unclosed file <_io.BufferedReader name=12>
  return self._supervise(job, contract, spec, run, man, workdir, backend, latest)
ResourceWarning: Enable tracemalloc to get the object allocation traceback
/home/zhangd2/projects/metacoin/metacoin_service/compute/engine.py:350: ResourceWarning: unclosed file <_io.TextIOWrapper name='/proc/2222674/stat' mode='r' encoding='UTF-8'>
  fields = open('/proc/%d/stat' % pid).read().split(')')[-1].split()
ResourceWarning: Enable tracemalloc to get the object allocation traceback
/home/zhangd2/projects/metacoin/metacoin_service/compute/engine.py:352: ResourceWarning: unclosed file <_io.TextIOWrapper name='/proc/2222674/status' mode='r' encoding='UTF-8'>
  for line in open('/proc/%d/status' % pid):
ResourceWarning: Enable tracemalloc to get the object allocation traceback
ok
test_matches_scalar_reference_and_invariants_on_every_backend (metacoin_service.tests.test_compute_science.HeatKernelTests.test_matches_scalar_reference_and_invariants_on_every_backend) ... skipped 'numpy not installed in this interpreter'
test_stability_is_checked_exactly_and_unstable_timesteps_refused (metacoin_service.tests.test_compute_science.HeatKernelTests.test_stability_is_checked_exactly_and_unstable_timesteps_refused) ... skipped 'numpy not installed in this interpreter'
test_zero_diffusivity_identity_constant_equilibrium_and_eigenmode (metacoin_service.tests.test_compute_science.HeatKernelTests.test_zero_diffusivity_identity_constant_equilibrium_and_eigenmode) ... skipped 'numpy not installed in this interpreter'
test_stream_is_chunk_invariant_and_matches_the_reference_per_sample (metacoin_service.tests.test_compute_science.MonteCarloKernelTests.test_stream_is_chunk_invariant_and_matches_the_reference_per_sample) ... skipped 'numpy not installed in this interpreter'
test_wilson_interval_edge_cases (metacoin_service.tests.test_compute_science.MonteCarloKernelTests.test_wilson_interval_edge_cases) ... skipped 'numpy not installed in this interpreter'
test_roundtrip_and_refusals (metacoin_service.tests.test_compute_science.NpyCodecTests.test_roundtrip_and_refusals) ... ok
test_kernel_matches_reference_exactly_on_random_and_edge_scenarios (metacoin_service.tests.test_compute_science.TemporalBatchKernelTests.test_kernel_matches_reference_exactly_on_random_and_edge_scenarios) ... skipped 'numpy not installed in this interpreter'
test_named_edge_semantics (metacoin_service.tests.test_compute_science.TemporalBatchKernelTests.test_named_edge_semantics) ... skipped 'numpy not installed in this interpreter'
test_overflow_bound_refuses_unsafe_batches_and_accepts_wide_safe_ones (metacoin_service.tests.test_compute_science.TemporalBatchKernelTests.test_overflow_bound_refuses_unsafe_batches_and_accepts_wide_safe_ones) ... skipped 'numpy not installed in this interpreter'
test_upload_inspect_review_and_map (metacoin_service.tests.test_console_documents.ConsoleDocumentTests.test_upload_inspect_review_and_map) ... /home/zhangd2/projects/metacoin/metacoin_service/tests/test_service.py:54: ResourceWarning: unclosed file <_io.TextIOWrapper name='/tmp/tmpeey7k6yu/home/credentials/bootstrap.json' mode='r' encoding='UTF-8'>
  self.creds = json.load(open(info['credential_file']))
ResourceWarning: Enable tracemalloc to get the object allocation traceback
/home/zhangd2/projects/metacoin/metacoin_service/worker.py:132: ResourceWarning: unclosed file <_io.BufferedReader name=10>
  return self.documents.run(job)
ResourceWarning: Enable tracemalloc to get the object allocation traceback
/home/zhangd2/projects/metacoin/.venv-service/lib/python3.12/site-packages/jinja2/nodes.py:140: ResourceWarning: Unclosed file <tempfile.SpooledTemporaryFile object at 0xff08b324d450>
  for name, arg in zip(self.fields, fields):
ResourceWarning: Enable tracemalloc to get the object allocation traceback
ok
test_pages_render_for_owner_and_hide_private_fields_from_viewer (metacoin_service.tests.test_console_expansion.ConsoleExpansionTests.test_pages_render_for_owner_and_hide_private_fields_from_viewer) ... /home/zhangd2/projects/metacoin/metacoin_service/tests/test_service.py:54: ResourceWarning: unclosed file <_io.TextIOWrapper name='/tmp/tmp0aam_7cs/home/credentials/bootstrap.json' mode='r' encoding='UTF-8'>
  self.creds = json.load(open(info['credential_file']))
ResourceWarning: Enable tracemalloc to get the object allocation traceback
/home/zhangd2/projects/metacoin/metacoin_service/compute/engine.py:350: ResourceWarning: unclosed file <_io.TextIOWrapper name='/proc/2222777/stat' mode='r' encoding='UTF-8'>
  fields = open('/proc/%d/stat' % pid).read().split(')')[-1].split()
ResourceWarning: Enable tracemalloc to get the object allocation traceback
/home/zhangd2/projects/metacoin/metacoin_service/compute/engine.py:352: ResourceWarning: unclosed file <_io.TextIOWrapper name='/proc/2222777/status' mode='r' encoding='UTF-8'>
  for line in open('/proc/%d/status' % pid):
ResourceWarning: Enable tracemalloc to get the object allocation traceback
/home/zhangd2/projects/metacoin/metacoin_service/compute/engine.py:211: ResourceWarning: unclosed file <_io.BufferedReader name=12>
  return self._supervise(job, contract, spec, run, man, workdir, backend, latest)
ResourceWarning: Enable tracemalloc to get the object allocation traceback
ok
test_pages_render_with_content_and_controls (metacoin_service.tests.test_console_pages.ConsolePageTests.test_pages_render_with_content_and_controls) ... /home/zhangd2/projects/metacoin/metacoin_service/tests/test_service.py:54: ResourceWarning: unclosed file <_io.TextIOWrapper name='/tmp/tmpj36hpkcy/home/credentials/bootstrap.json' mode='r' encoding='UTF-8'>
  self.creds = json.load(open(info['credential_file']))
ResourceWarning: Enable tracemalloc to get the object allocation traceback
/home/zhangd2/projects/metacoin/.venv-service/lib/python3.12/site-packages/starlette/testclient.py:463: DeprecationWarning: Setting per-request cookies=<...> is being deprecated, because the expected behaviour on cookie persistence is ambiguous. Set cookies directly on the client instance instead.
  return super().request(
ok
test_same_bytes_are_unchanged_and_different_revisions_diff_at_cell_level_with_affected_objects (metacoin_service.tests.test_document_compare.DocumentCompareTests.test_same_bytes_are_unchanged_and_different_revisions_diff_at_cell_level_with_affected_objects) ... /home/zhangd2/projects/metacoin/metacoin_service/tests/test_service.py:54: ResourceWarning: unclosed file <_io.TextIOWrapper name='/tmp/tmpg9t5a2i7/home/credentials/bootstrap.json' mode='r' encoding='UTF-8'>
  self.creds = json.load(open(info['credential_file']))
ResourceWarning: Enable tracemalloc to get the object allocation traceback
/home/zhangd2/projects/metacoin/metacoin_service/worker.py:132: ResourceWarning: unclosed file <_io.BufferedReader name=10>
  return self.documents.run(job)
ResourceWarning: Enable tracemalloc to get the object allocation traceback
/home/zhangd2/projects/metacoin/.venv-service/lib/python3.12/site-packages/starlette/testclient.py:463: DeprecationWarning: Setting per-request cookies=<...> is being deprecated, because the expected behaviour on cookie persistence is ambiguous. Set cookies directly on the client instance instead.
  return super().request(
ok
test_ambiguous_locale_waits_for_declaration (metacoin_service.tests.test_documents.DocumentImportTests.test_ambiguous_locale_waits_for_declaration) ... /home/zhangd2/projects/metacoin/metacoin_service/tests/test_service.py:54: ResourceWarning: unclosed file <_io.TextIOWrapper name='/tmp/tmphpkeof94/home/credentials/bootstrap.json' mode='r' encoding='UTF-8'>
  self.creds = json.load(open(info['credential_file']))
ResourceWarning: Enable tracemalloc to get the object allocation traceback
/home/zhangd2/projects/metacoin/metacoin_service/worker.py:132: ResourceWarning: unclosed file <_io.BufferedReader name=10>
  return self.documents.run(job)
ResourceWarning: Enable tracemalloc to get the object allocation traceback
ok
test_canary_strings_stay_out_of_logs_metrics_and_capabilities (metacoin_service.tests.test_documents.DocumentImportTests.test_canary_strings_stay_out_of_logs_metrics_and_capabilities) ... /home/zhangd2/projects/metacoin/metacoin_service/tests/test_service.py:54: ResourceWarning: unclosed file <_io.TextIOWrapper name='/tmp/tmp_geoji2z/home/credentials/bootstrap.json' mode='r' encoding='UTF-8'>
  self.creds = json.load(open(info['credential_file']))
ResourceWarning: Enable tracemalloc to get the object allocation traceback
/home/zhangd2/projects/metacoin/metacoin_service/worker.py:132: ResourceWarning: unclosed file <_io.BufferedReader name=10>
  return self.documents.run(job)
ResourceWarning: Enable tracemalloc to get the object allocation traceback
/home/zhangd2/projects/metacoin/.venv-service/lib/python3.12/site-packages/websockets/legacy/__init__.py:6: DeprecationWarning: websockets.legacy is deprecated; see https://websockets.readthedocs.io/en/stable/howto/upgrade.html for upgrade instructions
  warnings.warn(  # deprecated in 14.0 - 2024-11-09
ok
test_native_import_search_citation_and_page_inspector (metacoin_service.tests.test_documents.DocumentImportTests.test_native_import_search_citation_and_page_inspector) ... /home/zhangd2/projects/metacoin/metacoin_service/tests/test_service.py:54: ResourceWarning: unclosed file <_io.TextIOWrapper name='/tmp/tmprrg309lr/home/credentials/bootstrap.json' mode='r' encoding='UTF-8'>
  self.creds = json.load(open(info['credential_file']))
ResourceWarning: Enable tracemalloc to get the object allocation traceback
/home/zhangd2/projects/metacoin/metacoin_service/worker.py:132: ResourceWarning: unclosed file <_io.BufferedReader name=10>
  return self.documents.run(job)
ResourceWarning: Enable tracemalloc to get the object allocation traceback
ok
test_ocr_scanned_and_mixed_with_method_provenance (metacoin_service.tests.test_documents.DocumentImportTests.test_ocr_scanned_and_mixed_with_method_provenance) ... /home/zhangd2/projects/metacoin/metacoin_service/tests/test_service.py:54: ResourceWarning: unclosed file <_io.TextIOWrapper name='/tmp/tmpd6r4xxsv/home/credentials/bootstrap.json' mode='r' encoding='UTF-8'>
  self.creds = json.load(open(info['credential_file']))
ResourceWarning: Enable tracemalloc to get the object allocation traceback
/home/zhangd2/projects/metacoin/metacoin_service/worker.py:132: ResourceWarning: unclosed file <_io.BufferedReader name=10>
  return self.documents.run(job)
ResourceWarning: Enable tracemalloc to get the object allocation traceback
ok
test_refusals_cancel_retry_and_removal (metacoin_service.tests.test_documents.DocumentImportTests.test_refusals_cancel_retry_and_removal) ... /home/zhangd2/projects/metacoin/metacoin_service/tests/test_service.py:54: ResourceWarning: unclosed file <_io.TextIOWrapper name='/tmp/tmpsg2f33gs/home/credentials/bootstrap.json' mode='r' encoding='UTF-8'>
  self.creds = json.load(open(info['credential_file']))
ResourceWarning: Enable tracemalloc to get the object allocation traceback
/home/zhangd2/projects/metacoin/metacoin_service/worker.py:132: ResourceWarning: unclosed file <_io.BufferedReader name=10>
  return self.documents.run(job)
ResourceWarning: Enable tracemalloc to get the object allocation traceback
ok
test_tables_continuation_annotations_mapping_and_dataset_provenance (metacoin_service.tests.test_documents.DocumentImportTests.test_tables_continuation_annotations_mapping_and_dataset_provenance) ... /home/zhangd2/projects/metacoin/metacoin_service/tests/test_service.py:54: ResourceWarning: unclosed file <_io.TextIOWrapper name='/tmp/tmp3xoj443n/home/credentials/bootstrap.json' mode='r' encoding='UTF-8'>
  self.creds = json.load(open(info['credential_file']))
ResourceWarning: Enable tracemalloc to get the object allocation traceback
/home/zhangd2/projects/metacoin/metacoin_service/worker.py:132: ResourceWarning: unclosed file <_io.BufferedReader name=10>
  return self.documents.run(job)
ResourceWarning: Enable tracemalloc to get the object allocation traceback
ok
test_suite_run_score_compare_and_gate (metacoin_service.tests.test_evaluation.EvaluationTests.test_suite_run_score_compare_and_gate) ... /home/zhangd2/projects/metacoin/metacoin_service/tests/test_service.py:54: ResourceWarning: unclosed file <_io.TextIOWrapper name='/tmp/tmp0r95sve6/home/credentials/bootstrap.json' mode='r' encoding='UTF-8'>
  self.creds = json.load(open(info['credential_file']))
ResourceWarning: Enable tracemalloc to get the object allocation traceback
ok
/home/zhangd2/projects/metacoin/metacoin_service/tests/test_service.py:54: ResourceWarning: unclosed file <_io.TextIOWrapper name='/tmp/tmpqiplven0/home/credentials/bootstrap.json' mode='r' encoding='UTF-8'>
  self.creds = json.load(open(info['credential_file']))
ResourceWarning: Enable tracemalloc to get the object allocation traceback
test_stream_cursor_resume_and_poll (metacoin_service.tests.test_events.EventStreamOverTcp.test_stream_cursor_resume_and_poll) ... ok
test_examples_run_through_public_interfaces (metacoin_service.tests.test_examples.ExampleTests.test_examples_run_through_public_interfaces) ... /home/zhangd2/projects/metacoin/metacoin_service/tests/test_service.py:54: ResourceWarning: unclosed file <_io.TextIOWrapper name='/tmp/tmphes6uh7c/home/credentials/bootstrap.json' mode='r' encoding='UTF-8'>
  self.creds = json.load(open(info['credential_file']))
ResourceWarning: Enable tracemalloc to get the object allocation traceback
/home/zhangd2/projects/metacoin/.venv-service/lib/python3.12/site-packages/httpx/_config.py:51: DeprecationWarning: `verify=<str>` is deprecated. Use `verify=ssl.create_default_context(cafile=...)` or `verify=ssl.create_default_context(capath=...)` instead.
  warnings.warn(message, DeprecationWarning)
/home/zhangd2/projects/metacoin/metacoin_service/tests/journeys_compute.py:76: ResourceWarning: unclosed file <_io.BufferedReader name=13>
  self.stop_workers(); self.api.terminate(); self.api.wait(timeout=20); self.inst.close()
ResourceWarning: Enable tracemalloc to get the object allocation traceback
ok
test_recovery_rehearsal_is_isolated_and_reports_missing_pieces (metacoin_service.tests.test_extensions.ExtensionTests.test_recovery_rehearsal_is_isolated_and_reports_missing_pieces) ... /home/zhangd2/projects/metacoin/metacoin_service/tests/test_service.py:54: ResourceWarning: unclosed file <_io.TextIOWrapper name='/tmp/tmp1w9toafw/home/credentials/bootstrap.json' mode='r' encoding='UTF-8'>
  self.creds = json.load(open(info['credential_file']))
ResourceWarning: Enable tracemalloc to get the object allocation traceback
/home/zhangd2/projects/metacoin/.venv-service/lib/python3.12/site-packages/fastapi/utils.py:44: ResourceWarning: unclosed file <_io.BufferedReader name=11>
  return set(re.findall("{(.*?)}", path))
ResourceWarning: Enable tracemalloc to get the object allocation traceback
/home/zhangd2/projects/metacoin/metacoin_service/compute/engine.py:350: ResourceWarning: unclosed file <_io.TextIOWrapper name='/proc/2224968/stat' mode='r' encoding='UTF-8'>
  fields = open('/proc/%d/stat' % pid).read().split(')')[-1].split()
ResourceWarning: Enable tracemalloc to get the object allocation traceback
/home/zhangd2/projects/metacoin/metacoin_service/compute/engine.py:352: ResourceWarning: unclosed file <_io.TextIOWrapper name='/proc/2224968/status' mode='r' encoding='UTF-8'>
  for line in open('/proc/%d/status' % pid):
ResourceWarning: Enable tracemalloc to get the object allocation traceback
/home/zhangd2/projects/metacoin/metacoin_service/compute/engine.py:211: ResourceWarning: unclosed file <_io.BufferedReader name=16>
  return self._supervise(job, contract, spec, run, man, workdir, backend, latest)
ResourceWarning: Enable tracemalloc to get the object allocation traceback
ok
test_verification_policy_template_binds_and_cannot_be_weakened (metacoin_service.tests.test_extensions.ExtensionTests.test_verification_policy_template_binds_and_cannot_be_weakened) ... /home/zhangd2/projects/metacoin/metacoin_service/tests/test_service.py:54: ResourceWarning: unclosed file <_io.TextIOWrapper name='/tmp/tmpizx5yfo0/home/credentials/bootstrap.json' mode='r' encoding='UTF-8'>
  self.creds = json.load(open(info['credential_file']))
ResourceWarning: Enable tracemalloc to get the object allocation traceback
/home/zhangd2/projects/metacoin/metacoin_service/compute/engine.py:350: ResourceWarning: unclosed file <_io.TextIOWrapper name='/proc/2224989/stat' mode='r' encoding='UTF-8'>
  fields = open('/proc/%d/stat' % pid).read().split(')')[-1].split()
ResourceWarning: Enable tracemalloc to get the object allocation traceback
/home/zhangd2/projects/metacoin/metacoin_service/compute/engine.py:352: ResourceWarning: unclosed file <_io.TextIOWrapper name='/proc/2224989/status' mode='r' encoding='UTF-8'>
  for line in open('/proc/%d/status' % pid):
ResourceWarning: Enable tracemalloc to get the object allocation traceback
/home/zhangd2/projects/metacoin/metacoin_service/compute/engine.py:211: ResourceWarning: unclosed file <_io.BufferedReader name=16>
  return self._supervise(job, contract, spec, run, man, workdir, backend, latest)
ResourceWarning: Enable tracemalloc to get the object allocation traceback
ok
test_branch_with_changed_assumptions_and_compare (metacoin_service.tests.test_extras.BranchTests.test_branch_with_changed_assumptions_and_compare) ... /home/zhangd2/projects/metacoin/metacoin_service/tests/test_service.py:54: ResourceWarning: unclosed file <_io.TextIOWrapper name='/tmp/tmperlldcrj/home/credentials/bootstrap.json' mode='r' encoding='UTF-8'>
  self.creds = json.load(open(info['credential_file']))
ResourceWarning: Enable tracemalloc to get the object allocation traceback
ok
test_compatibility_preview_names_every_mismatch (metacoin_service.tests.test_extras.ExtrasTests.test_compatibility_preview_names_every_mismatch) ... /home/zhangd2/projects/metacoin/metacoin_service/tests/test_service.py:54: ResourceWarning: unclosed file <_io.TextIOWrapper name='/tmp/tmpcjn41_yd/home/credentials/bootstrap.json' mode='r' encoding='UTF-8'>
  self.creds = json.load(open(info['credential_file']))
ResourceWarning: Enable tracemalloc to get the object allocation traceback
ok
test_prov_json_export_is_well_formed_and_private_free (metacoin_service.tests.test_extras.ExtrasTests.test_prov_json_export_is_well_formed_and_private_free) ... /home/zhangd2/projects/metacoin/metacoin_service/tests/test_service.py:54: ResourceWarning: unclosed file <_io.TextIOWrapper name='/tmp/tmpacx_guxt/home/credentials/bootstrap.json' mode='r' encoding='UTF-8'>
  self.creds = json.load(open(info['credential_file']))
ResourceWarning: Enable tracemalloc to get the object allocation traceback
ok
test_dst_semantics_of_next_occurrence (metacoin_service.tests.test_extras.ScheduleTests.test_dst_semantics_of_next_occurrence) ... /home/zhangd2/projects/metacoin/metacoin_service/tests/test_service.py:54: ResourceWarning: unclosed file <_io.TextIOWrapper name='/tmp/tmplw5yql59/home/credentials/bootstrap.json' mode='r' encoding='UTF-8'>
  self.creds = json.load(open(info['credential_file']))
ResourceWarning: Enable tracemalloc to get the object allocation traceback
ok
test_schedule_lifecycle_with_fake_clock (metacoin_service.tests.test_extras.ScheduleTests.test_schedule_lifecycle_with_fake_clock) ... /home/zhangd2/projects/metacoin/metacoin_service/tests/test_service.py:54: ResourceWarning: unclosed file <_io.TextIOWrapper name='/tmp/tmpemx92jef/home/credentials/bootstrap.json' mode='r' encoding='UTF-8'>
  self.creds = json.load(open(info['credential_file']))
ResourceWarning: Enable tracemalloc to get the object allocation traceback
ok
test_template_instantiation_is_validated_and_lineage_recorded (metacoin_service.tests.test_extras.TemplateTests.test_template_instantiation_is_validated_and_lineage_recorded) ... /home/zhangd2/projects/metacoin/metacoin_service/tests/test_service.py:54: ResourceWarning: unclosed file <_io.TextIOWrapper name='/tmp/tmpu3x5pf5o/home/credentials/bootstrap.json' mode='r' encoding='UTF-8'>
  self.creds = json.load(open(info['credential_file']))
ResourceWarning: Enable tracemalloc to get the object allocation traceback
ok
test_accepted_request_before_acknowledgment_is_idempotent (metacoin_service.tests.test_failure_campaign.FailureCampaign.test_accepted_request_before_acknowledgment_is_idempotent) ... /home/zhangd2/projects/metacoin/metacoin_service/tests/test_service.py:54: ResourceWarning: unclosed file <_io.TextIOWrapper name='/tmp/tmp7jbz63b1/home/credentials/bootstrap.json' mode='r' encoding='UTF-8'>
  self.creds = json.load(open(info['credential_file']))
ResourceWarning: Enable tracemalloc to get the object allocation traceback
/usr/lib/python3.12/subprocess.py:1127: ResourceWarning: subprocess 2223309 is still running
  _warn("subprocess %s is still running" % self.pid,
ResourceWarning: Enable tracemalloc to get the object allocation traceback
/usr/lib/python3.12/re/__init__.py:217: ResourceWarning: unclosed file <_io.BufferedWriter name='/tmp/tmp0r95sve6/home/models/runtime-mr_715ae22d2aca-6b4b84/stderr.log'>
  return _compile(pattern, flags).findall(string)
ResourceWarning: Enable tracemalloc to get the object allocation traceback
/usr/lib/python3.12/re/__init__.py:217: ResourceWarning: unclosed file <_io.BufferedWriter name=14>
  return _compile(pattern, flags).findall(string)
ResourceWarning: Enable tracemalloc to get the object allocation traceback
/usr/lib/python3.12/re/__init__.py:217: ResourceWarning: unclosed file <_io.BufferedReader name=15>
  return _compile(pattern, flags).findall(string)
ResourceWarning: Enable tracemalloc to get the object allocation traceback
ok
test_audit_challenge_before_result_change_and_stale_worker (metacoin_service.tests.test_failure_campaign.FailureCampaign.test_audit_challenge_before_result_change_and_stale_worker) ... /home/zhangd2/projects/metacoin/metacoin_service/tests/test_service.py:54: ResourceWarning: unclosed file <_io.TextIOWrapper name='/tmp/tmp3i37nksy/home/credentials/bootstrap.json' mode='r' encoding='UTF-8'>
  self.creds = json.load(open(info['credential_file']))
ResourceWarning: Enable tracemalloc to get the object allocation traceback
/home/zhangd2/projects/metacoin/metacoin_service/compute/engine.py:350: ResourceWarning: unclosed file <_io.TextIOWrapper name='/proc/2225185/stat' mode='r' encoding='UTF-8'>
  fields = open('/proc/%d/stat' % pid).read().split(')')[-1].split()
ResourceWarning: Enable tracemalloc to get the object allocation traceback
/home/zhangd2/projects/metacoin/metacoin_service/compute/engine.py:352: ResourceWarning: unclosed file <_io.TextIOWrapper name='/proc/2225185/status' mode='r' encoding='UTF-8'>
  for line in open('/proc/%d/status' % pid):
ResourceWarning: Enable tracemalloc to get the object allocation traceback
/home/zhangd2/projects/metacoin/metacoin_service/compute/engine.py:211: ResourceWarning: unclosed file <_io.BufferedReader name=13>
  return self._supervise(job, contract, spec, run, man, workdir, backend, latest)
ResourceWarning: Enable tracemalloc to get the object allocation traceback
/home/zhangd2/projects/metacoin/metacoin_service/compute/engine.py:350: ResourceWarning: unclosed file <_io.TextIOWrapper name='/proc/2225199/stat' mode='r' encoding='UTF-8'>
  fields = open('/proc/%d/stat' % pid).read().split(')')[-1].split()
ResourceWarning: Enable tracemalloc to get the object allocation traceback
/home/zhangd2/projects/metacoin/metacoin_service/compute/engine.py:352: ResourceWarning: unclosed file <_io.TextIOWrapper name='/proc/2225199/status' mode='r' encoding='UTF-8'>
  for line in open('/proc/%d/status' % pid):
ResourceWarning: Enable tracemalloc to get the object allocation traceback
/home/zhangd2/projects/metacoin/metacoin_service/compute/engine.py:350: ResourceWarning: unclosed file <_io.TextIOWrapper name='/proc/2225204/stat' mode='r' encoding='UTF-8'>
  fields = open('/proc/%d/stat' % pid).read().split(')')[-1].split()
ResourceWarning: Enable tracemalloc to get the object allocation traceback
/home/zhangd2/projects/metacoin/metacoin_service/compute/engine.py:352: ResourceWarning: unclosed file <_io.TextIOWrapper name='/proc/2225204/status' mode='r' encoding='UTF-8'>
  for line in open('/proc/%d/status' % pid):
ResourceWarning: Enable tracemalloc to get the object allocation traceback
ok
test_concurrent_submissions_and_workers_keep_invariants (metacoin_service.tests.test_failure_campaign.FailureCampaign.test_concurrent_submissions_and_workers_keep_invariants) ... /home/zhangd2/projects/metacoin/metacoin_service/tests/test_service.py:54: ResourceWarning: unclosed file <_io.TextIOWrapper name='/tmp/tmpqcpv136a/home/credentials/bootstrap.json' mode='r' encoding='UTF-8'>
  self.creds = json.load(open(info['credential_file']))
ResourceWarning: Enable tracemalloc to get the object allocation traceback
/home/zhangd2/projects/metacoin/metacoin_service/compute/engine.py:350: ResourceWarning: unclosed file <_io.TextIOWrapper name='/proc/2225247/stat' mode='r' encoding='UTF-8'>
  fields = open('/proc/%d/stat' % pid).read().split(')')[-1].split()
ResourceWarning: Enable tracemalloc to get the object allocation traceback
/home/zhangd2/projects/metacoin/metacoin_service/compute/engine.py:352: ResourceWarning: unclosed file <_io.TextIOWrapper name='/proc/2225247/status' mode='r' encoding='UTF-8'>
  for line in open('/proc/%d/status' % pid):
ResourceWarning: Enable tracemalloc to get the object allocation traceback
/home/zhangd2/projects/metacoin/metacoin_service/compute/engine.py:350: ResourceWarning: unclosed file <_io.TextIOWrapper name='/proc/2225248/stat' mode='r' encoding='UTF-8'>
  fields = open('/proc/%d/stat' % pid).read().split(')')[-1].split()
ResourceWarning: Enable tracemalloc to get the object allocation traceback
/home/zhangd2/projects/metacoin/metacoin_service/compute/engine.py:352: ResourceWarning: unclosed file <_io.TextIOWrapper name='/proc/2225248/status' mode='r' encoding='UTF-8'>
  for line in open('/proc/%d/status' % pid):
ResourceWarning: Enable tracemalloc to get the object allocation traceback
/home/zhangd2/projects/metacoin/metacoin_service/compute/engine.py:211: ResourceWarning: unclosed file <_io.BufferedReader name=21>
  return self._supervise(job, contract, spec, run, man, workdir, backend, latest)
ResourceWarning: Enable tracemalloc to get the object allocation traceback
/home/zhangd2/projects/metacoin/metacoin_service/compute/engine.py:350: ResourceWarning: unclosed file <_io.TextIOWrapper name='/proc/2225255/stat' mode='r' encoding='UTF-8'>
  fields = open('/proc/%d/stat' % pid).read().split(')')[-1].split()
ResourceWarning: Enable tracemalloc to get the object allocation traceback
/home/zhangd2/projects/metacoin/metacoin_service/compute/engine.py:352: ResourceWarning: unclosed file <_io.TextIOWrapper name='/proc/2225255/status' mode='r' encoding='UTF-8'>
  for line in open('/proc/%d/status' % pid):
ResourceWarning: Enable tracemalloc to get the object allocation traceback
/home/zhangd2/projects/metacoin/metacoin_service/compute/engine.py:211: ResourceWarning: unclosed file <_io.BufferedReader name=19>
  return self._supervise(job, contract, spec, run, man, workdir, backend, latest)
ResourceWarning: Enable tracemalloc to get the object allocation traceback
/home/zhangd2/projects/metacoin/metacoin_service/compute/engine.py:350: ResourceWarning: unclosed file <_io.TextIOWrapper name='/proc/2225259/stat' mode='r' encoding='UTF-8'>
  fields = open('/proc/%d/stat' % pid).read().split(')')[-1].split()
ResourceWarning: Enable tracemalloc to get the object allocation traceback
/home/zhangd2/projects/metacoin/metacoin_service/compute/engine.py:352: ResourceWarning: unclosed file <_io.TextIOWrapper name='/proc/2225259/status' mode='r' encoding='UTF-8'>
  for line in open('/proc/%d/status' % pid):
ResourceWarning: Enable tracemalloc to get the object allocation traceback
/home/zhangd2/projects/metacoin/metacoin_service/compute/engine.py:211: ResourceWarning: unclosed file <_io.BufferedReader name=17>
  return self._supervise(job, contract, spec, run, man, workdir, backend, latest)
ResourceWarning: Enable tracemalloc to get the object allocation traceback
/home/zhangd2/projects/metacoin/metacoin_service/compute/engine.py:350: ResourceWarning: unclosed file <_io.TextIOWrapper name='/proc/2225263/stat' mode='r' encoding='UTF-8'>
  fields = open('/proc/%d/stat' % pid).read().split(')')[-1].split()
ResourceWarning: Enable tracemalloc to get the object allocation traceback
/home/zhangd2/projects/metacoin/metacoin_service/compute/engine.py:352: ResourceWarning: unclosed file <_io.TextIOWrapper name='/proc/2225263/status' mode='r' encoding='UTF-8'>
  for line in open('/proc/%d/status' % pid):
ResourceWarning: Enable tracemalloc to get the object allocation traceback
/home/zhangd2/projects/metacoin/metacoin_service/compute/engine.py:211: ResourceWarning: unclosed file <_io.BufferedReader name=18>
  return self._supervise(job, contract, spec, run, man, workdir, backend, latest)
ResourceWarning: Enable tracemalloc to get the object allocation traceback
/home/zhangd2/projects/metacoin/metacoin_service/compute/engine.py:350: ResourceWarning: unclosed file <_io.TextIOWrapper name='/proc/2225267/stat' mode='r' encoding='UTF-8'>
  fields = open('/proc/%d/stat' % pid).read().split(')')[-1].split()
ResourceWarning: Enable tracemalloc to get the object allocation traceback
/home/zhangd2/projects/metacoin/metacoin_service/compute/engine.py:352: ResourceWarning: unclosed file <_io.TextIOWrapper name='/proc/2225267/status' mode='r' encoding='UTF-8'>
  for line in open('/proc/%d/status' % pid):
ResourceWarning: Enable tracemalloc to get the object allocation traceback
/home/zhangd2/projects/metacoin/metacoin_service/compute/engine.py:211: ResourceWarning: unclosed file <_io.BufferedReader name=20>
  return self._supervise(job, contract, spec, run, man, workdir, backend, latest)
ResourceWarning: Enable tracemalloc to get the object allocation traceback
ok
test_index_build_before_publication (metacoin_service.tests.test_failure_campaign.FailureCampaign.test_index_build_before_publication) ... /home/zhangd2/projects/metacoin/metacoin_service/tests/test_service.py:54: ResourceWarning: unclosed file <_io.TextIOWrapper name='/tmp/tmplh7pa2qx/home/credentials/bootstrap.json' mode='r' encoding='UTF-8'>
  self.creds = json.load(open(info['credential_file']))
ResourceWarning: Enable tracemalloc to get the object allocation traceback
ok
test_model_output_before_artifact_commit (metacoin_service.tests.test_failure_campaign.FailureCampaign.test_model_output_before_artifact_commit) ... /home/zhangd2/projects/metacoin/metacoin_service/tests/test_service.py:54: ResourceWarning: unclosed file <_io.TextIOWrapper name='/tmp/tmpcqiyq7qf/home/credentials/bootstrap.json' mode='r' encoding='UTF-8'>
  self.creds = json.load(open(info['credential_file']))
ResourceWarning: Enable tracemalloc to get the object allocation traceback
/usr/lib/python3.12/subprocess.py:1127: ResourceWarning: subprocess 2226680 is still running
  _warn("subprocess %s is still running" % self.pid,
ResourceWarning: Enable tracemalloc to get the object allocation traceback
/home/zhangd2/projects/metacoin/metacoin_service/worker.py:126: ResourceWarning: unclosed file <_io.BufferedWriter name='/tmp/tmpcqiyq7qf/home/models/runtime-mr_e0fe3467ec7f-7f4069/stderr.log'>
  return self.models.run(job)
ResourceWarning: Enable tracemalloc to get the object allocation traceback
/usr/lib/python3.12/subprocess.py:822: ResourceWarning: unclosed file <_io.BufferedWriter name=12>
  _cleanup()
ResourceWarning: Enable tracemalloc to get the object allocation traceback
/usr/lib/python3.12/subprocess.py:822: ResourceWarning: unclosed file <_io.BufferedReader name=13>
  _cleanup()
ResourceWarning: Enable tracemalloc to get the object allocation traceback
ok
test_budget_exhaustion_refuses_package_run_before_dispatch (metacoin_service.tests.test_failure_campaign_workspace.WorkspaceFailureCampaign.test_budget_exhaustion_refuses_package_run_before_dispatch) ... /home/zhangd2/projects/metacoin/metacoin_service/tests/test_service.py:54: ResourceWarning: unclosed file <_io.TextIOWrapper name='/tmp/tmp3lo3q2pc/home/credentials/bootstrap.json' mode='r' encoding='UTF-8'>
  self.creds = json.load(open(info['credential_file']))
ResourceWarning: Enable tracemalloc to get the object allocation traceback
ok
test_expired_grant_refuses_paid_work (metacoin_service.tests.test_failure_campaign_workspace.WorkspaceFailureCampaign.test_expired_grant_refuses_paid_work) ... /home/zhangd2/projects/metacoin/metacoin_service/tests/test_service.py:54: ResourceWarning: unclosed file <_io.TextIOWrapper name='/tmp/tmpzdkqo1m7/home/credentials/bootstrap.json' mode='r' encoding='UTF-8'>
  self.creds = json.load(open(info['credential_file']))
ResourceWarning: Enable tracemalloc to get the object allocation traceback
ok
test_export_racing_revocation (metacoin_service.tests.test_failure_campaign_workspace.WorkspaceFailureCampaign.test_export_racing_revocation) ... /home/zhangd2/projects/metacoin/metacoin_service/tests/test_service.py:54: ResourceWarning: unclosed file <_io.TextIOWrapper name='/tmp/tmpjo29lg99/home/credentials/bootstrap.json' mode='r' encoding='UTF-8'>
  self.creds = json.load(open(info['credential_file']))
ResourceWarning: Enable tracemalloc to get the object allocation traceback
ok
test_parser_termination_and_retry (metacoin_service.tests.test_failure_campaign_workspace.WorkspaceFailureCampaign.test_parser_termination_and_retry) ... /home/zhangd2/projects/metacoin/metacoin_service/tests/test_service.py:54: ResourceWarning: unclosed file <_io.TextIOWrapper name='/tmp/tmpwbzejoc_/home/credentials/bootstrap.json' mode='r' encoding='UTF-8'>
  self.creds = json.load(open(info['credential_file']))
ResourceWarning: Enable tracemalloc to get the object allocation traceback
/home/zhangd2/projects/metacoin/metacoin_service/worker.py:132: ResourceWarning: unclosed file <_io.BufferedReader name=11>
  return self.documents.run(job)
ResourceWarning: Enable tracemalloc to get the object allocation traceback
ok
test_partial_export_after_evidence_deletion (metacoin_service.tests.test_failure_campaign_workspace.WorkspaceFailureCampaign.test_partial_export_after_evidence_deletion) ... /home/zhangd2/projects/metacoin/metacoin_service/tests/test_service.py:54: ResourceWarning: unclosed file <_io.TextIOWrapper name='/tmp/tmpaqqoxv0q/home/credentials/bootstrap.json' mode='r' encoding='UTF-8'>
  self.creds = json.load(open(info['credential_file']))
ResourceWarning: Enable tracemalloc to get the object allocation traceback
/home/zhangd2/projects/metacoin/metacoin_service/compute/engine.py:350: ResourceWarning: unclosed file <_io.TextIOWrapper name='/proc/2227221/stat' mode='r' encoding='UTF-8'>
  fields = open('/proc/%d/stat' % pid).read().split(')')[-1].split()
ResourceWarning: Enable tracemalloc to get the object allocation traceback
/home/zhangd2/projects/metacoin/metacoin_service/compute/engine.py:352: ResourceWarning: unclosed file <_io.TextIOWrapper name='/proc/2227221/status' mode='r' encoding='UTF-8'>
  for line in open('/proc/%d/status' % pid):
ResourceWarning: Enable tracemalloc to get the object allocation traceback
/home/zhangd2/projects/metacoin/metacoin_service/compute/engine.py:211: ResourceWarning: unclosed file <_io.BufferedReader name=13>
  return self._supervise(job, contract, spec, run, man, workdir, backend, latest)
ResourceWarning: Enable tracemalloc to get the object allocation traceback
ok
test_retry_racing_original_completion_and_failed_regeneration (metacoin_service.tests.test_failure_campaign_workspace.WorkspaceFailureCampaign.test_retry_racing_original_completion_and_failed_regeneration) ... /home/zhangd2/projects/metacoin/metacoin_service/tests/test_service.py:54: ResourceWarning: unclosed file <_io.TextIOWrapper name='/tmp/tmpgdafvsap/home/credentials/bootstrap.json' mode='r' encoding='UTF-8'>
  self.creds = json.load(open(info['credential_file']))
ResourceWarning: Enable tracemalloc to get the object allocation traceback
/home/zhangd2/projects/metacoin/metacoin_service/compute/engine.py:350: ResourceWarning: unclosed file <_io.TextIOWrapper name='/proc/2227247/stat' mode='r' encoding='UTF-8'>
  fields = open('/proc/%d/stat' % pid).read().split(')')[-1].split()
ResourceWarning: Enable tracemalloc to get the object allocation traceback
/home/zhangd2/projects/metacoin/metacoin_service/compute/engine.py:352: ResourceWarning: unclosed file <_io.TextIOWrapper name='/proc/2227247/status' mode='r' encoding='UTF-8'>
  for line in open('/proc/%d/status' % pid):
ResourceWarning: Enable tracemalloc to get the object allocation traceback
/home/zhangd2/projects/metacoin/metacoin_service/compute/engine.py:211: ResourceWarning: unclosed file <_io.BufferedReader name=13>
  return self._supervise(job, contract, spec, run, man, workdir, backend, latest)
ResourceWarning: Enable tracemalloc to get the object allocation traceback
/home/zhangd2/projects/metacoin/metacoin_service/compute/engine.py:350: ResourceWarning: unclosed file <_io.TextIOWrapper name='/proc/2227273/stat' mode='r' encoding='UTF-8'>
  fields = open('/proc/%d/stat' % pid).read().split(')')[-1].split()
ResourceWarning: Enable tracemalloc to get the object allocation traceback
/home/zhangd2/projects/metacoin/metacoin_service/compute/engine.py:352: ResourceWarning: unclosed file <_io.TextIOWrapper name='/proc/2227273/status' mode='r' encoding='UTF-8'>
  for line in open('/proc/%d/status' % pid):
ResourceWarning: Enable tracemalloc to get the object allocation traceback
ok
test_stale_lease_cannot_publish (metacoin_service.tests.test_failure_campaign_workspace.WorkspaceFailureCampaign.test_stale_lease_cannot_publish) ... /home/zhangd2/projects/metacoin/metacoin_service/tests/test_service.py:54: ResourceWarning: unclosed file <_io.TextIOWrapper name='/tmp/tmpe17xdf22/home/credentials/bootstrap.json' mode='r' encoding='UTF-8'>
  self.creds = json.load(open(info['credential_file']))
ResourceWarning: Enable tracemalloc to get the object allocation traceback
/home/zhangd2/projects/metacoin/metacoin_service/worker.py:132: ResourceWarning: unclosed file <_io.BufferedReader name=11>
  return self.documents.run(job)
ResourceWarning: Enable tracemalloc to get the object allocation traceback
ok
test_two_confirmations_of_one_mapping (metacoin_service.tests.test_failure_campaign_workspace.WorkspaceFailureCampaign.test_two_confirmations_of_one_mapping) ... /home/zhangd2/projects/metacoin/metacoin_service/tests/test_service.py:54: ResourceWarning: unclosed file <_io.TextIOWrapper name='/tmp/tmpcm1ruroe/home/credentials/bootstrap.json' mode='r' encoding='UTF-8'>
  self.creds = json.load(open(info['credential_file']))
ResourceWarning: Enable tracemalloc to get the object allocation traceback
/home/zhangd2/projects/metacoin/metacoin_service/worker.py:132: ResourceWarning: unclosed file <_io.BufferedReader name=11>
  return self.documents.run(job)
ResourceWarning: Enable tracemalloc to get the object allocation traceback
ok
test_two_users_editing_one_draft (metacoin_service.tests.test_failure_campaign_workspace.WorkspaceFailureCampaign.test_two_users_editing_one_draft) ... /home/zhangd2/projects/metacoin/metacoin_service/tests/test_service.py:54: ResourceWarning: unclosed file <_io.TextIOWrapper name='/tmp/tmpg6kom_x8/home/credentials/bootstrap.json' mode='r' encoding='UTF-8'>
  self.creds = json.load(open(info['credential_file']))
ResourceWarning: Enable tracemalloc to get the object allocation traceback
ok
test_cancel_run_with_unresolved_action_preserves_evidence_and_exposure (metacoin_service.tests.test_failures_workflow.ProviderUnreachableTests.test_cancel_run_with_unresolved_action_preserves_evidence_and_exposure) ... /home/zhangd2/projects/metacoin/metacoin_service/tests/test_service.py:54: ResourceWarning: unclosed file <_io.TextIOWrapper name='/tmp/tmp6_p3xyar/home/credentials/bootstrap.json' mode='r' encoding='UTF-8'>
  self.creds = json.load(open(info['credential_file']))
ResourceWarning: Enable tracemalloc to get the object allocation traceback
ok
test_restart_between_acceptance_and_acknowledgment (metacoin_service.tests.test_failures_workflow.RestartAfterAcceptanceOverTcp.test_restart_between_acceptance_and_acknowledgment) ... /home/zhangd2/projects/metacoin/metacoin_service/tests/test_service.py:54: ResourceWarning: unclosed file <_io.TextIOWrapper name='/tmp/tmph3ngjss8/home/credentials/bootstrap.json' mode='r' encoding='UTF-8'>
  self.creds = json.load(open(info['credential_file']))
ResourceWarning: Enable tracemalloc to get the object allocation traceback
ok
test_duplicate_node_completion_and_duplicate_quote_acceptance_are_idempotent (metacoin_service.tests.test_failures_workflow.WorkerTerminationTests.test_duplicate_node_completion_and_duplicate_quote_acceptance_are_idempotent) ... /home/zhangd2/projects/metacoin/metacoin_service/tests/test_service.py:54: ResourceWarning: unclosed file <_io.TextIOWrapper name='/tmp/tmp58izekxu/home/credentials/bootstrap.json' mode='r' encoding='UTF-8'>
  self.creds = json.load(open(info['credential_file']))
ResourceWarning: Enable tracemalloc to get the object allocation traceback
ok
test_interrupted_dataset_upload_persists_nothing (metacoin_service.tests.test_failures_workflow.WorkerTerminationTests.test_interrupted_dataset_upload_persists_nothing) ... /home/zhangd2/projects/metacoin/metacoin_service/tests/test_service.py:54: ResourceWarning: unclosed file <_io.TextIOWrapper name='/tmp/tmpn2fdso84/home/credentials/bootstrap.json' mode='r' encoding='UTF-8'>
  self.creds = json.load(open(info['credential_file']))
ResourceWarning: Enable tracemalloc to get the object allocation traceback
ok
test_killed_worker_after_claim_cannot_publish_and_the_job_is_recovered (metacoin_service.tests.test_failures_workflow.WorkerTerminationTests.test_killed_worker_after_claim_cannot_publish_and_the_job_is_recovered) ... /home/zhangd2/projects/metacoin/metacoin_service/tests/test_service.py:54: ResourceWarning: unclosed file <_io.TextIOWrapper name='/tmp/tmpxw662i72/home/credentials/bootstrap.json' mode='r' encoding='UTF-8'>
  self.creds = json.load(open(info['credential_file']))
ResourceWarning: Enable tracemalloc to get the object allocation traceback
ok
test_checkpoint_resume_across_node_and_local_worker (metacoin_service.tests.test_federation.FederationTests.test_checkpoint_resume_across_node_and_local_worker) ... /home/zhangd2/projects/metacoin/metacoin_service/tests/test_service.py:54: ResourceWarning: unclosed file <_io.TextIOWrapper name='/tmp/tmpghyd4dbe/home/credentials/bootstrap.json' mode='r' encoding='UTF-8'>
  self.creds = json.load(open(info['credential_file']))
ResourceWarning: Enable tracemalloc to get the object allocation traceback
/home/zhangd2/projects/metacoin/metacoin_service/compute/engine.py:350: ResourceWarning: unclosed file <_io.TextIOWrapper name='/proc/2227500/stat' mode='r' encoding='UTF-8'>
  fields = open('/proc/%d/stat' % pid).read().split(')')[-1].split()
ResourceWarning: Enable tracemalloc to get the object allocation traceback
/home/zhangd2/projects/metacoin/metacoin_service/compute/engine.py:352: ResourceWarning: unclosed file <_io.TextIOWrapper name='/proc/2227500/status' mode='r' encoding='UTF-8'>
  for line in open('/proc/%d/status' % pid):
ResourceWarning: Enable tracemalloc to get the object allocation traceback
/home/zhangd2/projects/metacoin/metacoin_service/compute/engine.py:211: ResourceWarning: unclosed file <_io.BufferedReader name=15>
  return self._supervise(job, contract, spec, run, man, workdir, backend, latest)
ResourceWarning: Enable tracemalloc to get the object allocation traceback
/usr/lib/python3.12/unittest/case.py:589: ResourceWarning: unclosed file <_io.BufferedWriter name=11>
  if method() is not None:
ResourceWarning: Enable tracemalloc to get the object allocation traceback
/usr/lib/python3.12/unittest/case.py:589: ResourceWarning: unclosed file <_io.BufferedReader name=12>
  if method() is not None:
ResourceWarning: Enable tracemalloc to get the object allocation traceback
ok
test_enrollment_authentication_policy_execution_recovery_and_revocation (metacoin_service.tests.test_federation.FederationTests.test_enrollment_authentication_policy_execution_recovery_and_revocation) ... /home/zhangd2/projects/metacoin/metacoin_service/tests/test_service.py:54: ResourceWarning: unclosed file <_io.TextIOWrapper name='/tmp/tmp0qjjmjvt/home/credentials/bootstrap.json' mode='r' encoding='UTF-8'>
  self.creds = json.load(open(info['credential_file']))
ResourceWarning: Enable tracemalloc to get the object allocation traceback
/home/zhangd2/projects/metacoin/metacoin_service/compute/engine.py:350: ResourceWarning: unclosed file <_io.TextIOWrapper name='/proc/2227546/stat' mode='r' encoding='UTF-8'>
  fields = open('/proc/%d/stat' % pid).read().split(')')[-1].split()
ResourceWarning: Enable tracemalloc to get the object allocation traceback
/home/zhangd2/projects/metacoin/metacoin_service/compute/engine.py:352: ResourceWarning: unclosed file <_io.TextIOWrapper name='/proc/2227546/status' mode='r' encoding='UTF-8'>
  for line in open('/proc/%d/status' % pid):
ResourceWarning: Enable tracemalloc to get the object allocation traceback
/home/zhangd2/projects/metacoin/metacoin_service/compute/engine.py:211: ResourceWarning: unclosed file <_io.BufferedReader name=13>
  return self._supervise(job, contract, spec, run, man, workdir, backend, latest)
ResourceWarning: Enable tracemalloc to get the object allocation traceback
/home/zhangd2/projects/metacoin/metacoin_service/federation/node_worker.py:137: ResourceWarning: unclosed file <_io.BufferedReader name=13>
  return self._supervise(job, workdir)
ResourceWarning: Enable tracemalloc to get the object allocation traceback
/home/zhangd2/projects/metacoin/metacoin_service/compute/engine.py:350: ResourceWarning: unclosed file <_io.TextIOWrapper name='/proc/2227589/stat' mode='r' encoding='UTF-8'>
  fields = open('/proc/%d/stat' % pid).read().split(')')[-1].split()
ResourceWarning: Enable tracemalloc to get the object allocation traceback
/home/zhangd2/projects/metacoin/metacoin_service/compute/engine.py:352: ResourceWarning: unclosed file <_io.TextIOWrapper name='/proc/2227589/status' mode='r' encoding='UTF-8'>
  for line in open('/proc/%d/status' % pid):
ResourceWarning: Enable tracemalloc to get the object allocation traceback
ok
test_admission_bounds_sampled_singleton_and_stale_worker (metacoin_service.tests.test_generation_batching.GenerationBatchingTests.test_admission_bounds_sampled_singleton_and_stale_worker) ... /home/zhangd2/projects/metacoin/metacoin_service/tests/test_service.py:54: ResourceWarning: unclosed file <_io.TextIOWrapper name='/tmp/tmp9fliaryg/home/credentials/bootstrap.json' mode='r' encoding='UTF-8'>
  self.creds = json.load(open(info['credential_file']))
ResourceWarning: Enable tracemalloc to get the object allocation traceback
ok
test_cancel_one_member_reconnect_and_revocation (metacoin_service.tests.test_generation_batching.GenerationBatchingTests.test_cancel_one_member_reconnect_and_revocation) ... /home/zhangd2/projects/metacoin/metacoin_service/tests/test_service.py:54: ResourceWarning: unclosed file <_io.TextIOWrapper name='/tmp/tmp605yrd17/home/credentials/bootstrap.json' mode='r' encoding='UTF-8'>
  self.creds = json.load(open(info['credential_file']))
ResourceWarning: Enable tracemalloc to get the object allocation traceback
ok
test_three_requests_one_batch_independent_outputs_and_measured_equality (metacoin_service.tests.test_generation_batching.GenerationBatchingTests.test_three_requests_one_batch_independent_outputs_and_measured_equality) ... /home/zhangd2/projects/metacoin/metacoin_service/tests/test_service.py:54: ResourceWarning: unclosed file <_io.TextIOWrapper name='/tmp/tmp_zb1up0_/home/credentials/bootstrap.json' mode='r' encoding='UTF-8'>
  self.creds = json.load(open(info['credential_file']))
ResourceWarning: Enable tracemalloc to get the object allocation traceback
ok
test_admission_during_session_cancellation_accounting_and_static_fallback (metacoin_service.tests.test_generation_continuous.ContinuousBatchingTests.test_admission_during_session_cancellation_accounting_and_static_fallback) ... /home/zhangd2/projects/metacoin/metacoin_service/tests/test_service.py:54: ResourceWarning: unclosed file <_io.TextIOWrapper name='/tmp/tmpwix9o5en/home/credentials/bootstrap.json' mode='r' encoding='UTF-8'>
  self.creds = json.load(open(info['credential_file']))
ResourceWarning: Enable tracemalloc to get the object allocation traceback
ok
test_abstention_and_grant_scope (metacoin_service.tests.test_intent.IntentTests.test_abstention_and_grant_scope) ... /home/zhangd2/projects/metacoin/metacoin_service/tests/test_service.py:54: ResourceWarning: unclosed file <_io.TextIOWrapper name='/tmp/tmpoofi77uw/home/credentials/bootstrap.json' mode='r' encoding='UTF-8'>
  self.creds = json.load(open(info['credential_file']))
ResourceWarning: Enable tracemalloc to get the object allocation traceback
ok
test_fully_specified_request_becomes_a_plan_without_friction (metacoin_service.tests.test_intent.IntentTests.test_fully_specified_request_becomes_a_plan_without_friction) ... /home/zhangd2/projects/metacoin/metacoin_service/tests/test_service.py:54: ResourceWarning: unclosed file <_io.TextIOWrapper name='/tmp/tmphoz3mtuh/home/credentials/bootstrap.json' mode='r' encoding='UTF-8'>
  self.creds = json.load(open(info['credential_file']))
ResourceWarning: Enable tracemalloc to get the object allocation traceback
ok
test_invalid_typed_inputs_surface_as_unresolved_not_dispatch (metacoin_service.tests.test_intent.IntentTests.test_invalid_typed_inputs_surface_as_unresolved_not_dispatch) ... /home/zhangd2/projects/metacoin/metacoin_service/tests/test_service.py:54: ResourceWarning: unclosed file <_io.TextIOWrapper name='/tmp/tmp70bs54kx/home/credentials/bootstrap.json' mode='r' encoding='UTF-8'>
  self.creds = json.load(open(info['credential_file']))
ResourceWarning: Enable tracemalloc to get the object allocation traceback
ok
test_missing_units_clarification_and_bound_continuation (metacoin_service.tests.test_intent.IntentTests.test_missing_units_clarification_and_bound_continuation) ... /home/zhangd2/projects/metacoin/metacoin_service/tests/test_service.py:54: ResourceWarning: unclosed file <_io.TextIOWrapper name='/tmp/tmp_jfm8i2m/home/credentials/bootstrap.json' mode='r' encoding='UTF-8'>
  self.creds = json.load(open(info['credential_file']))
ResourceWarning: Enable tracemalloc to get the object allocation traceback
ok
test_eval_set_v2_metrics_and_authority (metacoin_service.tests.test_intent_model.IntentModelTests.test_eval_set_v2_metrics_and_authority) ... /home/zhangd2/projects/metacoin/metacoin_service/tests/test_service.py:54: ResourceWarning: unclosed file <_io.TextIOWrapper name='/tmp/tmpeht1549p/home/credentials/bootstrap.json' mode='r' encoding='UTF-8'>
  self.creds = json.load(open(info['credential_file']))
ResourceWarning: Enable tracemalloc to get the object allocation traceback
/home/zhangd2/projects/metacoin/metacoin_service/tests/test_intent_model.py:18: ResourceWarning: unclosed file <_io.TextIOWrapper name='/home/zhangd2/projects/metacoin/metacoin_service/tests/eval_sets/agent_behavior_v2.json' mode='r' encoding='UTF-8'>
  spec = json.load(open(SET2)); items = self.substitute(spec['items'])
ResourceWarning: Enable tracemalloc to get the object allocation traceback
ok
test_chunks_are_deterministic_bounded_and_byte_addressed (metacoin_service.tests.test_knowledge.ChunkerTests.test_chunks_are_deterministic_bounded_and_byte_addressed) ... ok
test_documents_index_retrieval_citations_answers_and_revocation (metacoin_service.tests.test_knowledge.KnowledgeTests.test_documents_index_retrieval_citations_answers_and_revocation) ... /home/zhangd2/projects/metacoin/metacoin_service/tests/test_service.py:54: ResourceWarning: unclosed file <_io.TextIOWrapper name='/tmp/tmptwvajw1l/home/credentials/bootstrap.json' mode='r' encoding='UTF-8'>
  self.creds = json.load(open(info['credential_file']))
ResourceWarning: Enable tracemalloc to get the object allocation traceback
ok
test_separate_client_discovers_submits_verifies_and_read_only_is_refused (metacoin_service.tests.test_mcp.McpTests.test_separate_client_discovers_submits_verifies_and_read_only_is_refused) ... /home/zhangd2/projects/metacoin/metacoin_service/tests/test_service.py:54: ResourceWarning: unclosed file <_io.TextIOWrapper name='/tmp/tmpwa3dvcv9/home/credentials/bootstrap.json' mode='r' encoding='UTF-8'>
  self.creds = json.load(open(info['credential_file']))
ResourceWarning: Enable tracemalloc to get the object allocation traceback
/home/zhangd2/projects/metacoin/.venv-service/lib/python3.12/site-packages/pydantic_settings/sources/utils.py:47: IncompleteFieldDefinitionWarning: Field 'lifespan' has an incomplete definition: its annotation contains an unresolved forward reference, so settings sources may fail to correctly resolve its value. Call `model_rebuild()` on the model where the field is defined, once all the referenced types are defined.
  warnings.warn(
Processing request of type ListToolsRequest
Processing request of type ListResourcesRequest
Processing request of type ListResourceTemplatesRequest
Processing request of type CallToolRequest
Processing request of type CallToolRequest
Processing request of type CallToolRequest
Processing request of type CallToolRequest
Processing request of type CallToolRequest
Processing request of type CallToolRequest
Processing request of type CallToolRequest
Processing request of type CallToolRequest
Processing request of type ReadResourceRequest
Processing request of type CallToolRequest
Tool 'no_such_tool' not listed, no validation will be performed
/home/zhangd2/projects/metacoin/.venv-service/lib/python3.12/site-packages/pydantic_settings/sources/utils.py:47: IncompleteFieldDefinitionWarning: Field 'lifespan' has an incomplete definition: its annotation contains an unresolved forward reference, so settings sources may fail to correctly resolve its value. Call `model_rebuild()` on the model where the field is defined, once all the referenced types are defined.
  warnings.warn(
Processing request of type CallToolRequest
Processing request of type ListToolsRequest
Processing request of type CallToolRequest
Processing request of type CallToolRequest
/home/zhangd2/projects/metacoin/.venv-service/lib/python3.12/site-packages/pydantic_settings/sources/utils.py:47: IncompleteFieldDefinitionWarning: Field 'lifespan' has an incomplete definition: its annotation contains an unresolved forward reference, so settings sources may fail to correctly resolve its value. Call `model_rebuild()` on the model where the field is defined, once all the referenced types are defined.
  warnings.warn(
Processing request of type CallToolRequest
Processing request of type ListToolsRequest
Processing request of type ReadResourceRequest
/home/zhangd2/projects/metacoin/.venv-service/lib/python3.12/site-packages/pydantic_settings/sources/utils.py:47: IncompleteFieldDefinitionWarning: Field 'lifespan' has an incomplete definition: its annotation contains an unresolved forward reference, so settings sources may fail to correctly resolve its value. Call `model_rebuild()` on the model where the field is defined, once all the referenced types are defined.
  warnings.warn(
Processing request of type CallToolRequest
Processing request of type ListToolsRequest
Processing request of type CallToolRequest
Processing request of type CallToolRequest
Processing request of type CallToolRequest
Processing request of type CallToolRequest
Processing request of type CallToolRequest
ok
test_generation_embedding_segments_usage_and_lifecycle (metacoin_service.tests.test_models.ModelInferenceTests.test_generation_embedding_segments_usage_and_lifecycle) ... /home/zhangd2/projects/metacoin/metacoin_service/tests/test_service.py:54: ResourceWarning: unclosed file <_io.TextIOWrapper name='/tmp/tmpft4xbu0r/home/credentials/bootstrap.json' mode='r' encoding='UTF-8'>
  self.creds = json.load(open(info['credential_file']))
ResourceWarning: Enable tracemalloc to get the object allocation traceback
/home/zhangd2/projects/metacoin/.venv-service/lib/python3.12/site-packages/pydantic/fields.py:257: ResourceWarning: unclosed <socket.socket fd=9, family=2, type=1, proto=6, laddr=('127.0.0.1', 57476), raddr=('127.0.0.1', 59899)>
  alias_is_set = any(alias is not None for alias in (self.alias, self.validation_alias, self.serialization_alias))
ResourceWarning: Enable tracemalloc to get the object allocation traceback
ok
test_registration_binds_identity_and_refuses_unsafe_inputs (metacoin_service.tests.test_models.ModelRegistryTests.test_registration_binds_identity_and_refuses_unsafe_inputs) ... /home/zhangd2/projects/metacoin/metacoin_service/tests/test_service.py:54: ResourceWarning: unclosed file <_io.TextIOWrapper name='/tmp/tmpkgicoc9t/home/credentials/bootstrap.json' mode='r' encoding='UTF-8'>
  self.creds = json.load(open(info['credential_file']))
ResourceWarning: Enable tracemalloc to get the object allocation traceback
ok
test_versions_links_drift_compare_export (metacoin_service.tests.test_notebooks.NotebookTests.test_versions_links_drift_compare_export) ... /home/zhangd2/projects/metacoin/metacoin_service/tests/test_service.py:54: ResourceWarning: unclosed file <_io.TextIOWrapper name='/tmp/tmpjfwemsb4/home/credentials/bootstrap.json' mode='r' encoding='UTF-8'>
  self.creds = json.load(open(info['credential_file']))
ResourceWarning: Enable tracemalloc to get the object allocation traceback
/home/zhangd2/projects/metacoin/metacoin_service/compute/engine.py:350: ResourceWarning: unclosed file <_io.TextIOWrapper name='/proc/2252774/stat' mode='r' encoding='UTF-8'>
  fields = open('/proc/%d/stat' % pid).read().split(')')[-1].split()
ResourceWarning: Enable tracemalloc to get the object allocation traceback
/home/zhangd2/projects/metacoin/metacoin_service/compute/engine.py:352: ResourceWarning: unclosed file <_io.TextIOWrapper name='/proc/2252774/status' mode='r' encoding='UTF-8'>
  for line in open('/proc/%d/status' % pid):
ResourceWarning: Enable tracemalloc to get the object allocation traceback
/home/zhangd2/projects/metacoin/metacoin_service/compute/engine.py:211: ResourceWarning: unclosed file <_io.BufferedReader name=13>
  return self._supervise(job, contract, spec, run, man, workdir, backend, latest)
ResourceWarning: Enable tracemalloc to get the object allocation traceback
ok
test_results_csv_is_safe_and_distinguishes_missing_from_withheld (metacoin_service.tests.test_ops_search.OpsAndSearchTests.test_results_csv_is_safe_and_distinguishes_missing_from_withheld) ... /home/zhangd2/projects/metacoin/metacoin_service/tests/test_service.py:54: ResourceWarning: unclosed file <_io.TextIOWrapper name='/tmp/tmp7szu82a1/home/credentials/bootstrap.json' mode='r' encoding='UTF-8'>
  self.creds = json.load(open(info['credential_file']))
ResourceWarning: Enable tracemalloc to get the object allocation traceback
ok
test_search_is_workspace_scoped_paginated_and_filterable (metacoin_service.tests.test_ops_search.OpsAndSearchTests.test_search_is_workspace_scoped_paginated_and_filterable) ... /home/zhangd2/projects/metacoin/metacoin_service/tests/test_service.py:54: ResourceWarning: unclosed file <_io.TextIOWrapper name='/tmp/tmpq59gj717/home/credentials/bootstrap.json' mode='r' encoding='UTF-8'>
  self.creds = json.load(open(info['credential_file']))
ResourceWarning: Enable tracemalloc to get the object allocation traceback
ok
test_status_and_metrics_have_bounded_labels (metacoin_service.tests.test_ops_search.OpsAndSearchTests.test_status_and_metrics_have_bounded_labels) ... /home/zhangd2/projects/metacoin/metacoin_service/tests/test_service.py:54: ResourceWarning: unclosed file <_io.TextIOWrapper name='/tmp/tmphrs4_mxf/home/credentials/bootstrap.json' mode='r' encoding='UTF-8'>
  self.creds = json.load(open(info['credential_file']))
ResourceWarning: Enable tracemalloc to get the object allocation traceback
ok
test_worker_refuses_a_database_with_another_schema (metacoin_service.tests.test_ops_search.OpsAndSearchTests.test_worker_refuses_a_database_with_another_schema) ... /home/zhangd2/projects/metacoin/metacoin_service/tests/test_service.py:54: ResourceWarning: unclosed file <_io.TextIOWrapper name='/tmp/tmpd6_nnrea/home/credentials/bootstrap.json' mode='r' encoding='UTF-8'>
  self.creds = json.load(open(info['credential_file']))
ResourceWarning: Enable tracemalloc to get the object allocation traceback
ok
test_prior_backup_migrates_and_serves (metacoin_service.tests.test_ops_search.PriorDatabaseMigrationTest.test_prior_backup_migrates_and_serves) ... ok
test_versions_compatibility_quotes_gated_delivery_and_bundles (metacoin_service.tests.test_packages.PackageTests.test_versions_compatibility_quotes_gated_delivery_and_bundles) ... /home/zhangd2/projects/metacoin/metacoin_service/tests/test_service.py:54: ResourceWarning: unclosed file <_io.TextIOWrapper name='/tmp/tmpx9x0gv9z/home/credentials/bootstrap.json' mode='r' encoding='UTF-8'>
  self.creds = json.load(open(info['credential_file']))
ResourceWarning: Enable tracemalloc to get the object allocation traceback
/usr/lib/python3.12/subprocess.py:1127: ResourceWarning: subprocess 2229430 is still running
  _warn("subprocess %s is still running" % self.pid,
ResourceWarning: Enable tracemalloc to get the object allocation traceback
/usr/lib/python3.12/inspect.py:3045: ResourceWarning: unclosed file <_io.BufferedWriter name='/tmp/tmpeht1549p/home/models/runtime-mr_0d7c7eb605ab-0bf348/stderr.log'>
  params = OrderedDict((param.name, param) for param in parameters)
ResourceWarning: Enable tracemalloc to get the object allocation traceback
/usr/lib/python3.12/inspect.py:3045: ResourceWarning: unclosed file <_io.BufferedWriter name=18>
  params = OrderedDict((param.name, param) for param in parameters)
ResourceWarning: Enable tracemalloc to get the object allocation traceback
/usr/lib/python3.12/inspect.py:3045: ResourceWarning: unclosed file <_io.BufferedReader name=19>
  params = OrderedDict((param.name, param) for param in parameters)
ResourceWarning: Enable tracemalloc to get the object allocation traceback
/home/zhangd2/projects/metacoin/metacoin_service/compute/engine.py:350: ResourceWarning: unclosed file <_io.TextIOWrapper name='/proc/2252945/stat' mode='r' encoding='UTF-8'>
  fields = open('/proc/%d/stat' % pid).read().split(')')[-1].split()
ResourceWarning: Enable tracemalloc to get the object allocation traceback
/home/zhangd2/projects/metacoin/metacoin_service/compute/engine.py:352: ResourceWarning: unclosed file <_io.TextIOWrapper name='/proc/2252945/status' mode='r' encoding='UTF-8'>
  for line in open('/proc/%d/status' % pid):
ResourceWarning: Enable tracemalloc to get the object allocation traceback
/home/zhangd2/projects/metacoin/metacoin_service/compute/engine.py:211: ResourceWarning: unclosed file <_io.BufferedReader name=13>
  return self._supervise(job, contract, spec, run, man, workdir, backend, latest)
ResourceWarning: Enable tracemalloc to get the object allocation traceback
/home/zhangd2/projects/metacoin/.venv-service/lib/python3.12/site-packages/starlette/testclient.py:463: DeprecationWarning: Setting per-request cookies=<...> is being deprecated, because the expected behaviour on cookie persistence is ambiguous. Set cookies directly on the client instance instead.
  return super().request(
ok
test_gated_settlement_invalid_candidate_and_retry_under_same_authorization (metacoin_service.tests.test_packages_upto.PackageUptoGatingTests.test_gated_settlement_invalid_candidate_and_retry_under_same_authorization) ... /home/zhangd2/projects/metacoin/metacoin_service/tests/test_service.py:54: ResourceWarning: unclosed file <_io.TextIOWrapper name='/tmp/tmp4uifp22y/home/credentials/bootstrap.json' mode='r' encoding='UTF-8'>
  self.creds = json.load(open(info['credential_file']))
ResourceWarning: Enable tracemalloc to get the object allocation traceback
/usr/lib/python3.12/subprocess.py:1127: ResourceWarning: subprocess 2232569 is still running
  _warn("subprocess %s is still running" % self.pid,
ResourceWarning: Enable tracemalloc to get the object allocation traceback
/usr/lib/python3.12/typing.py:1242: ResourceWarning: unclosed file <_io.BufferedWriter name='/tmp/tmptwvajw1l/home/models/runtime-mr_61b1c1c40f17-f6f3dd/stderr.log'>
  def __init__(self, origin, args, *, inst=True, name=None):
ResourceWarning: Enable tracemalloc to get the object allocation traceback
/usr/lib/python3.12/typing.py:1242: ResourceWarning: unclosed file <_io.BufferedWriter name=21>
  def __init__(self, origin, args, *, inst=True, name=None):
ResourceWarning: Enable tracemalloc to get the object allocation traceback
/usr/lib/python3.12/typing.py:1242: ResourceWarning: unclosed file <_io.BufferedReader name=22>
  def __init__(self, origin, args, *, inst=True, name=None):
ResourceWarning: Enable tracemalloc to get the object allocation traceback
/home/zhangd2/projects/metacoin/metacoin_service/compute/engine.py:350: ResourceWarning: unclosed file <_io.TextIOWrapper name='/proc/2253009/stat' mode='r' encoding='UTF-8'>
  fields = open('/proc/%d/stat' % pid).read().split(')')[-1].split()
ResourceWarning: Enable tracemalloc to get the object allocation traceback
/home/zhangd2/projects/metacoin/metacoin_service/compute/engine.py:352: ResourceWarning: unclosed file <_io.TextIOWrapper name='/proc/2253009/status' mode='r' encoding='UTF-8'>
  for line in open('/proc/%d/status' % pid):
ResourceWarning: Enable tracemalloc to get the object allocation traceback
/home/zhangd2/projects/metacoin/metacoin_service/compute/engine.py:211: ResourceWarning: unclosed file <_io.BufferedReader name=13>
  return self._supervise(job, contract, spec, run, man, workdir, backend, latest)
ResourceWarning: Enable tracemalloc to get the object allocation traceback
/home/zhangd2/projects/metacoin/metacoin_service/compute/engine.py:350: ResourceWarning: unclosed file <_io.TextIOWrapper name='/proc/2253051/stat' mode='r' encoding='UTF-8'>
  fields = open('/proc/%d/stat' % pid).read().split(')')[-1].split()
ResourceWarning: Enable tracemalloc to get the object allocation traceback
/home/zhangd2/projects/metacoin/metacoin_service/compute/engine.py:352: ResourceWarning: unclosed file <_io.TextIOWrapper name='/proc/2253051/status' mode='r' encoding='UTF-8'>
  for line in open('/proc/%d/status' % pid):
ResourceWarning: Enable tracemalloc to get the object allocation traceback
/home/zhangd2/projects/metacoin/metacoin_service/compute/engine.py:350: ResourceWarning: unclosed file <_io.TextIOWrapper name='/proc/2253091/stat' mode='r' encoding='UTF-8'>
  fields = open('/proc/%d/stat' % pid).read().split(')')[-1].split()
ResourceWarning: Enable tracemalloc to get the object allocation traceback
/home/zhangd2/projects/metacoin/metacoin_service/compute/engine.py:352: ResourceWarning: unclosed file <_io.TextIOWrapper name='/proc/2253091/status' mode='r' encoding='UTF-8'>
  for line in open('/proc/%d/status' % pid):
ResourceWarning: Enable tracemalloc to get the object allocation traceback
/home/zhangd2/projects/metacoin/metacoin_service/compute/engine.py:350: ResourceWarning: unclosed file <_io.TextIOWrapper name='/proc/2253113/stat' mode='r' encoding='UTF-8'>
  fields = open('/proc/%d/stat' % pid).read().split(')')[-1].split()
ResourceWarning: Enable tracemalloc to get the object allocation traceback
/home/zhangd2/projects/metacoin/metacoin_service/compute/engine.py:352: ResourceWarning: unclosed file <_io.TextIOWrapper name='/proc/2253113/status' mode='r' encoding='UTF-8'>
  for line in open('/proc/%d/status' % pid):
ResourceWarning: Enable tracemalloc to get the object allocation traceback
/home/zhangd2/projects/metacoin/metacoin_service/tests/test_service.py:54: ResourceWarning: unclosed file <_io.TextIOWrapper name='/tmp/tmpv1s3pig_/home/credentials/bootstrap.json' mode='r' encoding='UTF-8'>
  self.creds = json.load(open(info['credential_file']))
ResourceWarning: Enable tracemalloc to get the object allocation traceback
ok
test_agent_grants_bound_planning_and_execution (metacoin_service.tests.test_planner.PlannerTests.test_agent_grants_bound_planning_and_execution) ... /home/zhangd2/projects/metacoin/metacoin_service/tests/test_service.py:54: ResourceWarning: unclosed file <_io.TextIOWrapper name='/tmp/tmpqf8aobu5/home/credentials/bootstrap.json' mode='r' encoding='UTF-8'>
  self.creds = json.load(open(info['credential_file']))
ResourceWarning: Enable tracemalloc to get the object allocation traceback
ok
test_valid_plan_refusals_and_idempotent_acceptance (metacoin_service.tests.test_planner.PlannerTests.test_valid_plan_refusals_and_idempotent_acceptance) ... /home/zhangd2/projects/metacoin/metacoin_service/tests/test_service.py:54: ResourceWarning: unclosed file <_io.TextIOWrapper name='/tmp/tmpqxpiinw1/home/credentials/bootstrap.json' mode='r' encoding='UTF-8'>
  self.creds = json.load(open(info['credential_file']))
ResourceWarning: Enable tracemalloc to get the object allocation traceback
ok
test_injection_and_versioned_evaluation_set (metacoin_service.tests.test_planner_model.PlannerModelTests.test_injection_and_versioned_evaluation_set) ... /home/zhangd2/projects/metacoin/metacoin_service/tests/test_service.py:54: ResourceWarning: unclosed file <_io.TextIOWrapper name='/tmp/tmpifklxeib/home/credentials/bootstrap.json' mode='r' encoding='UTF-8'>
  self.creds = json.load(open(info['credential_file']))
ResourceWarning: Enable tracemalloc to get the object allocation traceback
/home/zhangd2/projects/metacoin/metacoin_service/tests/test_planner_model.py:51: ResourceWarning: unclosed file <_io.TextIOWrapper name='/home/zhangd2/projects/metacoin/metacoin_service/tests/eval_sets/agent_behavior_v1.json' mode='r' encoding='UTF-8'>
  spec = json.load(open(SET))
ResourceWarning: Enable tracemalloc to get the object allocation traceback
ok
test_cross_workspace_denials_on_every_new_surface (metacoin_service.tests.test_privacy_workspace.PrivacyWorkspaceTests.test_cross_workspace_denials_on_every_new_surface) ... /home/zhangd2/projects/metacoin/metacoin_service/tests/test_service.py:54: ResourceWarning: unclosed file <_io.TextIOWrapper name='/tmp/tmp_1ytemd6/home/credentials/bootstrap.json' mode='r' encoding='UTF-8'>
  self.creds = json.load(open(info['credential_file']))
ResourceWarning: Enable tracemalloc to get the object allocation traceback
/home/zhangd2/projects/metacoin/metacoin_service/worker.py:132: ResourceWarning: unclosed file <_io.BufferedReader name=11>
  return self.documents.run(job)
ResourceWarning: Enable tracemalloc to get the object allocation traceback
/home/zhangd2/projects/metacoin/metacoin_service/compute/engine.py:350: ResourceWarning: unclosed file <_io.TextIOWrapper name='/proc/2256291/stat' mode='r' encoding='UTF-8'>
  fields = open('/proc/%d/stat' % pid).read().split(')')[-1].split()
ResourceWarning: Enable tracemalloc to get the object allocation traceback
/home/zhangd2/projects/metacoin/metacoin_service/compute/engine.py:352: ResourceWarning: unclosed file <_io.TextIOWrapper name='/proc/2256291/status' mode='r' encoding='UTF-8'>
  for line in open('/proc/%d/status' % pid):
ResourceWarning: Enable tracemalloc to get the object allocation traceback
/home/zhangd2/projects/metacoin/metacoin_service/compute/engine.py:211: ResourceWarning: unclosed file <_io.BufferedReader name=13>
  return self._supervise(job, contract, spec, run, man, workdir, backend, latest)
ResourceWarning: Enable tracemalloc to get the object allocation traceback
ok
test_instruction_like_content_is_data_on_new_surfaces (metacoin_service.tests.test_privacy_workspace.PrivacyWorkspaceTests.test_instruction_like_content_is_data_on_new_surfaces) ... /home/zhangd2/projects/metacoin/metacoin_service/tests/test_service.py:54: ResourceWarning: unclosed file <_io.TextIOWrapper name='/tmp/tmpytej0xec/home/credentials/bootstrap.json' mode='r' encoding='UTF-8'>
  self.creds = json.load(open(info['credential_file']))
ResourceWarning: Enable tracemalloc to get the object allocation traceback
ok
test_reconcile_conflicting_sources_and_measurement_request (metacoin_service.tests.test_reconciliation.ReconciliationTests.test_reconcile_conflicting_sources_and_measurement_request) ... /home/zhangd2/projects/metacoin/metacoin_service/tests/test_service.py:54: ResourceWarning: unclosed file <_io.TextIOWrapper name='/tmp/tmpwturdkji/home/credentials/bootstrap.json' mode='r' encoding='UTF-8'>
  self.creds = json.load(open(info['credential_file']))
ResourceWarning: Enable tracemalloc to get the object allocation traceback
/home/zhangd2/projects/metacoin/metacoin_service/worker.py:132: ResourceWarning: unclosed file <_io.BufferedReader name=11>
  return self.documents.run(job)
ResourceWarning: Enable tracemalloc to get the object allocation traceback
/home/zhangd2/projects/metacoin/metacoin_service/compute/engine.py:350: ResourceWarning: unclosed file <_io.TextIOWrapper name='/proc/2256466/stat' mode='r' encoding='UTF-8'>
  fields = open('/proc/%d/stat' % pid).read().split(')')[-1].split()
ResourceWarning: Enable tracemalloc to get the object allocation traceback
/home/zhangd2/projects/metacoin/metacoin_service/compute/engine.py:352: ResourceWarning: unclosed file <_io.TextIOWrapper name='/proc/2256466/status' mode='r' encoding='UTF-8'>
  for line in open('/proc/%d/status' % pid):
ResourceWarning: Enable tracemalloc to get the object allocation traceback
/home/zhangd2/projects/metacoin/metacoin_service/compute/engine.py:211: ResourceWarning: unclosed file <_io.BufferedReader name=13>
  return self._supervise(job, contract, spec, run, man, workdir, backend, latest)
ResourceWarning: Enable tracemalloc to get the object allocation traceback
ok
test_upgrade_preview_and_review_queue (metacoin_service.tests.test_reconciliation.ReconciliationTests.test_upgrade_preview_and_review_queue) ... /home/zhangd2/projects/metacoin/metacoin_service/tests/test_service.py:54: ResourceWarning: unclosed file <_io.TextIOWrapper name='/tmp/tmp6mujx6pr/home/credentials/bootstrap.json' mode='r' encoding='UTF-8'>
  self.creds = json.load(open(info['credential_file']))
ResourceWarning: Enable tracemalloc to get the object allocation traceback
/home/zhangd2/projects/metacoin/metacoin_service/compute/engine.py:350: ResourceWarning: unclosed file <_io.TextIOWrapper name='/proc/2256512/stat' mode='r' encoding='UTF-8'>
  fields = open('/proc/%d/stat' % pid).read().split(')')[-1].split()
ResourceWarning: Enable tracemalloc to get the object allocation traceback
/home/zhangd2/projects/metacoin/metacoin_service/compute/engine.py:352: ResourceWarning: unclosed file <_io.TextIOWrapper name='/proc/2256512/status' mode='r' encoding='UTF-8'>
  for line in open('/proc/%d/status' % pid):
ResourceWarning: Enable tracemalloc to get the object allocation traceback
/home/zhangd2/projects/metacoin/metacoin_service/compute/engine.py:211: ResourceWarning: unclosed file <_io.BufferedReader name=13>
  return self._supervise(job, contract, spec, run, man, workdir, backend, latest)
ResourceWarning: Enable tracemalloc to get the object allocation traceback
ok
test_input_boundary_magnitudes_and_directed_unit_conversion (metacoin_service.tests.test_resource_plan.SimulatorAndOracleTests.test_input_boundary_magnitudes_and_directed_unit_conversion) ... ok
test_oracle_enumerates_bounded_instances_only (metacoin_service.tests.test_resource_plan.SimulatorAndOracleTests.test_oracle_enumerates_bounded_instances_only) ... ok
test_reserve_at_every_boundary_capacity_spill_and_resource_limits (metacoin_service.tests.test_resource_plan.SimulatorAndOracleTests.test_reserve_at_every_boundary_capacity_spill_and_resource_limits) ... ok
test_simulator_rejects_invalid_duplicate_overlapping_and_out_of_window_assignments (metacoin_service.tests.test_resource_plan.SimulatorAndOracleTests.test_simulator_rejects_invalid_duplicate_overlapping_and_out_of_window_assignments) ... ok
test_analytic_fixtures (metacoin_service.tests.test_resource_plan.SolverTests.test_analytic_fixtures) ... skipped 'scipy (HiGHS) is only in the compute interpreter'
test_dominated_alternative_is_marked (metacoin_service.tests.test_resource_plan.SolverTests.test_dominated_alternative_is_marked) ... skipped 'scipy (HiGHS) is only in the compute interpreter'
test_solver_matches_oracle_on_random_small_instances (metacoin_service.tests.test_resource_plan.SolverTests.test_solver_matches_oracle_on_random_small_instances) ... skipped 'scipy (HiGHS) is only in the compute interpreter'
test_status_mapping_never_turns_a_timeout_into_infeasible_and_rejects_bad_candidates (metacoin_service.tests.test_resource_plan.SolverTests.test_status_mapping_never_turns_a_timeout_into_infeasible_and_rejects_bad_candidates) ... skipped 'scipy (HiGHS) is only in the compute interpreter'
test_sweep_dominance_dedup_and_sensitivity_including_negative_findings (metacoin_service.tests.test_resource_plan.SolverTests.test_sweep_dominance_dedup_and_sensitivity_including_negative_findings) ... skipped 'scipy (HiGHS) is only in the compute interpreter'
test_acquisition_campaign_is_budgeted_restartable_and_compared_with_a_grid (metacoin_service.tests.test_resource_plan_service.ResourcePlanServiceTests.test_acquisition_campaign_is_budgeted_restartable_and_compared_with_a_grid) ... /home/zhangd2/projects/metacoin/metacoin_service/tests/test_service.py:54: ResourceWarning: unclosed file <_io.TextIOWrapper name='/tmp/tmps4p96qcs/home/credentials/bootstrap.json' mode='r' encoding='UTF-8'>
  self.creds = json.load(open(info['credential_file']))
ResourceWarning: Enable tracemalloc to get the object allocation traceback
/home/zhangd2/projects/metacoin/metacoin_service/compute/engine.py:350: ResourceWarning: unclosed file <_io.TextIOWrapper name='/proc/2256557/stat' mode='r' encoding='UTF-8'>
  fields = open('/proc/%d/stat' % pid).read().split(')')[-1].split()
ResourceWarning: Enable tracemalloc to get the object allocation traceback
/home/zhangd2/projects/metacoin/metacoin_service/compute/engine.py:352: ResourceWarning: unclosed file <_io.TextIOWrapper name='/proc/2256557/status' mode='r' encoding='UTF-8'>
  for line in open('/proc/%d/status' % pid):
ResourceWarning: Enable tracemalloc to get the object allocation traceback
/home/zhangd2/projects/metacoin/metacoin_service/compute/engine.py:211: ResourceWarning: unclosed file <_io.BufferedReader name=13>
  return self._supervise(job, contract, spec, run, man, workdir, backend, latest)
ResourceWarning: Enable tracemalloc to get the object allocation traceback
/home/zhangd2/projects/metacoin/metacoin_service/compute/engine.py:350: ResourceWarning: unclosed file <_io.TextIOWrapper name='/proc/2256575/stat' mode='r' encoding='UTF-8'>
  fields = open('/proc/%d/stat' % pid).read().split(')')[-1].split()
ResourceWarning: Enable tracemalloc to get the object allocation traceback
/home/zhangd2/projects/metacoin/metacoin_service/compute/engine.py:352: ResourceWarning: unclosed file <_io.TextIOWrapper name='/proc/2256575/status' mode='r' encoding='UTF-8'>
  for line in open('/proc/%d/status' % pid):
ResourceWarning: Enable tracemalloc to get the object allocation traceback
/home/zhangd2/projects/metacoin/metacoin_service/compute/engine.py:350: ResourceWarning: unclosed file <_io.TextIOWrapper name='/proc/2256584/stat' mode='r' encoding='UTF-8'>
  fields = open('/proc/%d/stat' % pid).read().split(')')[-1].split()
ResourceWarning: Enable tracemalloc to get the object allocation traceback
/home/zhangd2/projects/metacoin/metacoin_service/compute/engine.py:352: ResourceWarning: unclosed file <_io.TextIOWrapper name='/proc/2256584/status' mode='r' encoding='UTF-8'>
  for line in open('/proc/%d/status' % pid):
ResourceWarning: Enable tracemalloc to get the object allocation traceback
/home/zhangd2/projects/metacoin/metacoin_service/compute/engine.py:350: ResourceWarning: unclosed file <_io.TextIOWrapper name='/proc/2256602/stat' mode='r' encoding='UTF-8'>
  fields = open('/proc/%d/stat' % pid).read().split(')')[-1].split()
ResourceWarning: Enable tracemalloc to get the object allocation traceback
/home/zhangd2/projects/metacoin/metacoin_service/compute/engine.py:352: ResourceWarning: unclosed file <_io.TextIOWrapper name='/proc/2256602/status' mode='r' encoding='UTF-8'>
  for line in open('/proc/%d/status' % pid):
ResourceWarning: Enable tracemalloc to get the object allocation traceback
/home/zhangd2/projects/metacoin/metacoin_service/compute/engine.py:350: ResourceWarning: unclosed file <_io.TextIOWrapper name='/proc/2256617/stat' mode='r' encoding='UTF-8'>
  fields = open('/proc/%d/stat' % pid).read().split(')')[-1].split()
ResourceWarning: Enable tracemalloc to get the object allocation traceback
/home/zhangd2/projects/metacoin/metacoin_service/compute/engine.py:352: ResourceWarning: unclosed file <_io.TextIOWrapper name='/proc/2256617/status' mode='r' encoding='UTF-8'>
  for line in open('/proc/%d/status' % pid):
ResourceWarning: Enable tracemalloc to get the object allocation traceback
/home/zhangd2/projects/metacoin/metacoin_service/compute/engine.py:350: ResourceWarning: unclosed file <_io.TextIOWrapper name='/proc/2256635/stat' mode='r' encoding='UTF-8'>
  fields = open('/proc/%d/stat' % pid).read().split(')')[-1].split()
ResourceWarning: Enable tracemalloc to get the object allocation traceback
/home/zhangd2/projects/metacoin/metacoin_service/compute/engine.py:352: ResourceWarning: unclosed file <_io.TextIOWrapper name='/proc/2256635/status' mode='r' encoding='UTF-8'>
  for line in open('/proc/%d/status' % pid):
ResourceWarning: Enable tracemalloc to get the object allocation traceback
/home/zhangd2/projects/metacoin/metacoin_service/compute/engine.py:350: ResourceWarning: unclosed file <_io.TextIOWrapper name='/proc/2256653/stat' mode='r' encoding='UTF-8'>
  fields = open('/proc/%d/stat' % pid).read().split(')')[-1].split()
ResourceWarning: Enable tracemalloc to get the object allocation traceback
/home/zhangd2/projects/metacoin/metacoin_service/compute/engine.py:352: ResourceWarning: unclosed file <_io.TextIOWrapper name='/proc/2256653/status' mode='r' encoding='UTF-8'>
  for line in open('/proc/%d/status' % pid):
ResourceWarning: Enable tracemalloc to get the object allocation traceback
/home/zhangd2/projects/metacoin/metacoin_service/compute/engine.py:350: ResourceWarning: unclosed file <_io.TextIOWrapper name='/proc/2256671/stat' mode='r' encoding='UTF-8'>
  fields = open('/proc/%d/stat' % pid).read().split(')')[-1].split()
ResourceWarning: Enable tracemalloc to get the object allocation traceback
/home/zhangd2/projects/metacoin/metacoin_service/compute/engine.py:352: ResourceWarning: unclosed file <_io.TextIOWrapper name='/proc/2256671/status' mode='r' encoding='UTF-8'>
  for line in open('/proc/%d/status' % pid):
ResourceWarning: Enable tracemalloc to get the object allocation traceback
ok
test_campaign_grid_branch_with_typed_changes_version_check_and_comparison (metacoin_service.tests.test_resource_plan_service.ResourcePlanServiceTests.test_campaign_grid_branch_with_typed_changes_version_check_and_comparison) ... /home/zhangd2/projects/metacoin/metacoin_service/tests/test_service.py:54: ResourceWarning: unclosed file <_io.TextIOWrapper name='/tmp/tmpsh9pqe_0/home/credentials/bootstrap.json' mode='r' encoding='UTF-8'>
  self.creds = json.load(open(info['credential_file']))
ResourceWarning: Enable tracemalloc to get the object allocation traceback
/home/zhangd2/projects/metacoin/metacoin_service/compute/engine.py:350: ResourceWarning: unclosed file <_io.TextIOWrapper name='/proc/2256692/stat' mode='r' encoding='UTF-8'>
  fields = open('/proc/%d/stat' % pid).read().split(')')[-1].split()
ResourceWarning: Enable tracemalloc to get the object allocation traceback
/home/zhangd2/projects/metacoin/metacoin_service/compute/engine.py:352: ResourceWarning: unclosed file <_io.TextIOWrapper name='/proc/2256692/status' mode='r' encoding='UTF-8'>
  for line in open('/proc/%d/status' % pid):
ResourceWarning: Enable tracemalloc to get the object allocation traceback
/home/zhangd2/projects/metacoin/metacoin_service/compute/engine.py:211: ResourceWarning: unclosed file <_io.BufferedReader name=13>
  return self._supervise(job, contract, spec, run, man, workdir, backend, latest)
ResourceWarning: Enable tracemalloc to get the object allocation traceback
/home/zhangd2/projects/metacoin/metacoin_service/compute/engine.py:350: ResourceWarning: unclosed file <_io.TextIOWrapper name='/proc/2256710/stat' mode='r' encoding='UTF-8'>
  fields = open('/proc/%d/stat' % pid).read().split(')')[-1].split()
ResourceWarning: Enable tracemalloc to get the object allocation traceback
/home/zhangd2/projects/metacoin/metacoin_service/compute/engine.py:352: ResourceWarning: unclosed file <_io.TextIOWrapper name='/proc/2256710/status' mode='r' encoding='UTF-8'>
  for line in open('/proc/%d/status' % pid):
ResourceWarning: Enable tracemalloc to get the object allocation traceback
/home/zhangd2/projects/metacoin/metacoin_service/compute/engine.py:350: ResourceWarning: unclosed file <_io.TextIOWrapper name='/proc/2256728/stat' mode='r' encoding='UTF-8'>
  fields = open('/proc/%d/stat' % pid).read().split(')')[-1].split()
ResourceWarning: Enable tracemalloc to get the object allocation traceback
/home/zhangd2/projects/metacoin/metacoin_service/compute/engine.py:352: ResourceWarning: unclosed file <_io.TextIOWrapper name='/proc/2256728/status' mode='r' encoding='UTF-8'>
  for line in open('/proc/%d/status' % pid):
ResourceWarning: Enable tracemalloc to get the object allocation traceback
/home/zhangd2/projects/metacoin/metacoin_service/compute/engine.py:350: ResourceWarning: unclosed file <_io.TextIOWrapper name='/proc/2256757/stat' mode='r' encoding='UTF-8'>
  fields = open('/proc/%d/stat' % pid).read().split(')')[-1].split()
ResourceWarning: Enable tracemalloc to get the object allocation traceback
/home/zhangd2/projects/metacoin/metacoin_service/compute/engine.py:352: ResourceWarning: unclosed file <_io.TextIOWrapper name='/proc/2256757/status' mode='r' encoding='UTF-8'>
  for line in open('/proc/%d/status' % pid):
ResourceWarning: Enable tracemalloc to get the object allocation traceback
/home/zhangd2/projects/metacoin/metacoin_service/compute/engine.py:350: ResourceWarning: unclosed file <_io.TextIOWrapper name='/proc/2256775/stat' mode='r' encoding='UTF-8'>
  fields = open('/proc/%d/stat' % pid).read().split(')')[-1].split()
ResourceWarning: Enable tracemalloc to get the object allocation traceback
/home/zhangd2/projects/metacoin/metacoin_service/compute/engine.py:352: ResourceWarning: unclosed file <_io.TextIOWrapper name='/proc/2256775/status' mode='r' encoding='UTF-8'>
  for line in open('/proc/%d/status' % pid):
ResourceWarning: Enable tracemalloc to get the object allocation traceback
/home/zhangd2/projects/metacoin/metacoin_service/compute/engine.py:350: ResourceWarning: unclosed file <_io.TextIOWrapper name='/proc/2256784/stat' mode='r' encoding='UTF-8'>
  fields = open('/proc/%d/stat' % pid).read().split(')')[-1].split()
ResourceWarning: Enable tracemalloc to get the object allocation traceback
/home/zhangd2/projects/metacoin/metacoin_service/compute/engine.py:352: ResourceWarning: unclosed file <_io.TextIOWrapper name='/proc/2256784/status' mode='r' encoding='UTF-8'>
  for line in open('/proc/%d/status' % pid):
ResourceWarning: Enable tracemalloc to get the object allocation traceback
ok
test_infeasible_instance_reports_established_infeasibility_and_verifies (metacoin_service.tests.test_resource_plan_service.ResourcePlanServiceTests.test_infeasible_instance_reports_established_infeasibility_and_verifies) ... /home/zhangd2/projects/metacoin/metacoin_service/tests/test_service.py:54: ResourceWarning: unclosed file <_io.TextIOWrapper name='/tmp/tmpps0q2z2p/home/credentials/bootstrap.json' mode='r' encoding='UTF-8'>
  self.creds = json.load(open(info['credential_file']))
ResourceWarning: Enable tracemalloc to get the object allocation traceback
/usr/lib/python3.12/subprocess.py:1127: ResourceWarning: subprocess 2253868 is still running
  _warn("subprocess %s is still running" % self.pid,
ResourceWarning: Enable tracemalloc to get the object allocation traceback
/usr/lib/python3.12/inspect.py:3045: ResourceWarning: unclosed file <_io.BufferedWriter name='/tmp/tmpifklxeib/home/models/runtime-mr_7f272aeb026d-d8c52b/stderr.log'>
  params = OrderedDict((param.name, param) for param in parameters)
ResourceWarning: Enable tracemalloc to get the object allocation traceback
/usr/lib/python3.12/inspect.py:3045: ResourceWarning: unclosed file <_io.BufferedWriter name=18>
  params = OrderedDict((param.name, param) for param in parameters)
ResourceWarning: Enable tracemalloc to get the object allocation traceback
/usr/lib/python3.12/inspect.py:3045: ResourceWarning: unclosed file <_io.BufferedReader name=19>
  params = OrderedDict((param.name, param) for param in parameters)
ResourceWarning: Enable tracemalloc to get the object allocation traceback
/home/zhangd2/projects/metacoin/metacoin_service/compute/engine.py:350: ResourceWarning: unclosed file <_io.TextIOWrapper name='/proc/2256810/stat' mode='r' encoding='UTF-8'>
  fields = open('/proc/%d/stat' % pid).read().split(')')[-1].split()
ResourceWarning: Enable tracemalloc to get the object allocation traceback
/home/zhangd2/projects/metacoin/metacoin_service/compute/engine.py:352: ResourceWarning: unclosed file <_io.TextIOWrapper name='/proc/2256810/status' mode='r' encoding='UTF-8'>
  for line in open('/proc/%d/status' % pid):
ResourceWarning: Enable tracemalloc to get the object allocation traceback
/home/zhangd2/projects/metacoin/metacoin_service/compute/engine.py:211: ResourceWarning: unclosed file <_io.BufferedReader name=13>
  return self._supervise(job, contract, spec, run, man, workdir, backend, latest)
ResourceWarning: Enable tracemalloc to get the object allocation traceback
ok
test_plan_job_verified_witness_alternatives_freeze_and_console (metacoin_service.tests.test_resource_plan_service.ResourcePlanServiceTests.test_plan_job_verified_witness_alternatives_freeze_and_console) ... /home/zhangd2/projects/metacoin/metacoin_service/tests/test_service.py:54: ResourceWarning: unclosed file <_io.TextIOWrapper name='/tmp/tmpzxcabx6v/home/credentials/bootstrap.json' mode='r' encoding='UTF-8'>
  self.creds = json.load(open(info['credential_file']))
ResourceWarning: Enable tracemalloc to get the object allocation traceback
/home/zhangd2/projects/metacoin/metacoin_service/compute/engine.py:350: ResourceWarning: unclosed file <_io.TextIOWrapper name='/proc/2256842/stat' mode='r' encoding='UTF-8'>
  fields = open('/proc/%d/stat' % pid).read().split(')')[-1].split()
ResourceWarning: Enable tracemalloc to get the object allocation traceback
/home/zhangd2/projects/metacoin/metacoin_service/compute/engine.py:352: ResourceWarning: unclosed file <_io.TextIOWrapper name='/proc/2256842/status' mode='r' encoding='UTF-8'>
  for line in open('/proc/%d/status' % pid):
ResourceWarning: Enable tracemalloc to get the object allocation traceback
/home/zhangd2/projects/metacoin/metacoin_service/compute/engine.py:211: ResourceWarning: unclosed file <_io.BufferedReader name=13>
  return self._supervise(job, contract, spec, run, man, workdir, backend, latest)
ResourceWarning: Enable tracemalloc to get the object allocation traceback
/home/zhangd2/projects/metacoin/.venv-service/lib/python3.12/site-packages/starlette/testclient.py:463: DeprecationWarning: Setting per-request cookies=<...> is being deprecated, because the expected behaviour on cookie persistence is ambiguous. Set cookies directly on the client instance instead.
  return super().request(
ok
test_explicit_reuse_hits_only_identical_inputs_under_the_same_verifier (metacoin_service.tests.test_reuse_sharing.ReuseTests.test_explicit_reuse_hits_only_identical_inputs_under_the_same_verifier) ... /home/zhangd2/projects/metacoin/metacoin_service/tests/test_service.py:54: ResourceWarning: unclosed file <_io.TextIOWrapper name='/tmp/tmpwoq25wk7/home/credentials/bootstrap.json' mode='r' encoding='UTF-8'>
  self.creds = json.load(open(info['credential_file']))
ResourceWarning: Enable tracemalloc to get the object allocation traceback
ok
test_projection_contains_exactly_the_granted_fields_and_no_canary (metacoin_service.tests.test_reuse_sharing.SharingTests.test_projection_contains_exactly_the_granted_fields_and_no_canary) ... /home/zhangd2/projects/metacoin/metacoin_service/tests/test_service.py:54: ResourceWarning: unclosed file <_io.TextIOWrapper name='/tmp/tmp57hi_c2m/home/credentials/bootstrap.json' mode='r' encoding='UTF-8'>
  self.creds = json.load(open(info['credential_file']))
ResourceWarning: Enable tracemalloc to get the object allocation traceback
ok
test_capabilities_draining_and_queue_reasons (metacoin_service.tests.test_scheduling.SchedulingTests.test_capabilities_draining_and_queue_reasons) ... /home/zhangd2/projects/metacoin/metacoin_service/tests/test_service.py:54: ResourceWarning: unclosed file <_io.TextIOWrapper name='/tmp/tmppvkbn0dc/home/credentials/bootstrap.json' mode='r' encoding='UTF-8'>
  self.creds = json.load(open(info['credential_file']))
ResourceWarning: Enable tracemalloc to get the object allocation traceback
ok
test_fair_order_is_deterministic_across_submitters (metacoin_service.tests.test_scheduling.SchedulingTests.test_fair_order_is_deterministic_across_submitters) ... /home/zhangd2/projects/metacoin/metacoin_service/tests/test_service.py:54: ResourceWarning: unclosed file <_io.TextIOWrapper name='/tmp/tmpv6nsxqjd/home/credentials/bootstrap.json' mode='r' encoding='UTF-8'>
  self.creds = json.load(open(info['credential_file']))
ResourceWarning: Enable tracemalloc to get the object allocation traceback
ok
test_persisted_quotas_refuse_at_admission_with_the_quota_named (metacoin_service.tests.test_scheduling.SchedulingTests.test_persisted_quotas_refuse_at_admission_with_the_quota_named) ... /home/zhangd2/projects/metacoin/metacoin_service/tests/test_service.py:54: ResourceWarning: unclosed file <_io.TextIOWrapper name='/tmp/tmpns04ywb0/home/credentials/bootstrap.json' mode='r' encoding='UTF-8'>
  self.creds = json.load(open(info['credential_file']))
ResourceWarning: Enable tracemalloc to get the object allocation traceback
ok
test_batch_submission_is_all_or_nothing_with_aggregate_budget (metacoin_service.tests.test_service.BacklogTests.test_batch_submission_is_all_or_nothing_with_aggregate_budget) ... /home/zhangd2/projects/metacoin/metacoin_service/tests/test_service.py:54: ResourceWarning: unclosed file <_io.TextIOWrapper name='/tmp/tmp1vn_u76t/home/credentials/bootstrap.json' mode='r' encoding='UTF-8'>
  self.creds = json.load(open(info['credential_file']))
ResourceWarning: Enable tracemalloc to get the object allocation traceback
ok
test_client_cli_and_run_comparison (metacoin_service.tests.test_service.BacklogTests.test_client_cli_and_run_comparison) ... /home/zhangd2/projects/metacoin/metacoin_service/tests/test_service.py:54: ResourceWarning: unclosed file <_io.TextIOWrapper name='/tmp/tmpfo4ig063/home/credentials/bootstrap.json' mode='r' encoding='UTF-8'>
  self.creds = json.load(open(info['credential_file']))
ResourceWarning: Enable tracemalloc to get the object allocation traceback
ok
test_saved_templates_instantiate_with_explicit_inputs_and_compare_runs (metacoin_service.tests.test_service.BacklogTests.test_saved_templates_instantiate_with_explicit_inputs_and_compare_runs) ... /home/zhangd2/projects/metacoin/metacoin_service/tests/test_service.py:54: ResourceWarning: unclosed file <_io.TextIOWrapper name='/tmp/tmpbyxoo4rs/home/credentials/bootstrap.json' mode='r' encoding='UTF-8'>
  self.creds = json.load(open(info['credential_file']))
ResourceWarning: Enable tracemalloc to get the object allocation traceback
ok
test_scoped_credentials_cannot_be_widened (metacoin_service.tests.test_service.BacklogTests.test_scoped_credentials_cannot_be_widened) ... /home/zhangd2/projects/metacoin/metacoin_service/tests/test_service.py:54: ResourceWarning: unclosed file <_io.TextIOWrapper name='/tmp/tmp9ky2a32l/home/credentials/bootstrap.json' mode='r' encoding='UTF-8'>
  self.creds = json.load(open(info['credential_file']))
ResourceWarning: Enable tracemalloc to get the object allocation traceback
ok
test_task_selection_optimizer_exhaustive_small_cases (metacoin_service.tests.test_service.BacklogTests.test_task_selection_optimizer_exhaustive_small_cases) ... /home/zhangd2/projects/metacoin/metacoin_service/tests/test_service.py:54: ResourceWarning: unclosed file <_io.TextIOWrapper name='/tmp/tmpg9cnx8j_/home/credentials/bootstrap.json' mode='r' encoding='UTF-8'>
  self.creds = json.load(open(info['credential_file']))
ResourceWarning: Enable tracemalloc to get the object allocation traceback
ok
/home/zhangd2/projects/metacoin/metacoin_service/tests/test_service.py:54: ResourceWarning: unclosed file <_io.TextIOWrapper name='/tmp/tmpg_si325w/home/credentials/bootstrap.json' mode='r' encoding='UTF-8'>
  self.creds = json.load(open(info['credential_file']))
ResourceWarning: Enable tracemalloc to get the object allocation traceback
test_buyer_pays_a_real_402_resource_with_a_real_signature (metacoin_service.tests.test_service.ProductionBuyerTests.test_buyer_pays_a_real_402_resource_with_a_real_signature) ... /home/zhangd2/projects/metacoin/metacoin_service/tests/test_service.py:54: ResourceWarning: unclosed file <_io.TextIOWrapper name='/tmp/tmp76gclt83/home/credentials/bootstrap.json' mode='r' encoding='UTF-8'>
  self.creds = json.load(open(info['credential_file']))
ResourceWarning: Enable tracemalloc to get the object allocation traceback
/usr/lib/python3.12/tempfile.py:1075: ResourceWarning: Implicitly cleaning up <TemporaryDirectory '/tmp/tmp76gclt83'>
  _warnings.warn(warn_message, ResourceWarning)
ok
test_buyer_refuses_bindings_before_signing (metacoin_service.tests.test_service.ProductionBuyerTests.test_buyer_refuses_bindings_before_signing) ... /home/zhangd2/projects/metacoin/metacoin_service/tests/test_service.py:54: ResourceWarning: unclosed file <_io.TextIOWrapper name='/tmp/tmp13epbqjc/home/credentials/bootstrap.json' mode='r' encoding='UTF-8'>
  self.creds = json.load(open(info['credential_file']))
ResourceWarning: Enable tracemalloc to get the object allocation traceback
/home/zhangd2/projects/metacoin/metacoin_service/tests/test_service.py:54: ResourceWarning: unclosed file <_io.TextIOWrapper name='/tmp/tmpz9gwzatg/home/credentials/bootstrap.json' mode='r' encoding='UTF-8'>
  self.creds = json.load(open(info['credential_file']))
ResourceWarning: Enable tracemalloc to get the object allocation traceback
/home/zhangd2/projects/metacoin/metacoin_service/tests/test_service.py:54: ResourceWarning: unclosed file <_io.TextIOWrapper name='/tmp/tmpj5u4nk7z/home/credentials/bootstrap.json' mode='r' encoding='UTF-8'>
  self.creds = json.load(open(info['credential_file']))
ResourceWarning: Enable tracemalloc to get the object allocation traceback
/home/zhangd2/projects/metacoin/metacoin_service/tests/test_service.py:54: ResourceWarning: unclosed file <_io.TextIOWrapper name='/tmp/tmpnsf42uom/home/credentials/bootstrap.json' mode='r' encoding='UTF-8'>
  self.creds = json.load(open(info['credential_file']))
ResourceWarning: Enable tracemalloc to get the object allocation traceback
/home/zhangd2/projects/metacoin/metacoin_service/tests/test_service.py:54: ResourceWarning: unclosed file <_io.TextIOWrapper name='/tmp/tmpeacl4ou4/home/credentials/bootstrap.json' mode='r' encoding='UTF-8'>
  self.creds = json.load(open(info['credential_file']))
ResourceWarning: Enable tracemalloc to get the object allocation traceback
/usr/lib/python3.12/tempfile.py:1075: ResourceWarning: Implicitly cleaning up <TemporaryDirectory '/tmp/tmpeacl4ou4'>
  _warnings.warn(warn_message, ResourceWarning)
/usr/lib/python3.12/tempfile.py:1075: ResourceWarning: Implicitly cleaning up <TemporaryDirectory '/tmp/tmp13epbqjc'>
  _warnings.warn(warn_message, ResourceWarning)
/usr/lib/python3.12/tempfile.py:1075: ResourceWarning: Implicitly cleaning up <TemporaryDirectory '/tmp/tmpz9gwzatg'>
  _warnings.warn(warn_message, ResourceWarning)
/usr/lib/python3.12/tempfile.py:1075: ResourceWarning: Implicitly cleaning up <TemporaryDirectory '/tmp/tmpj5u4nk7z'>
  _warnings.warn(warn_message, ResourceWarning)
/usr/lib/python3.12/tempfile.py:1075: ResourceWarning: Implicitly cleaning up <TemporaryDirectory '/tmp/tmpnsf42uom'>
  _warnings.warn(warn_message, ResourceWarning)
ok
test_lost_response_then_re_presentation_reconciles (metacoin_service.tests.test_service.ProductionBuyerTests.test_lost_response_then_re_presentation_reconciles) ... /home/zhangd2/projects/metacoin/metacoin_service/tests/test_service.py:54: ResourceWarning: unclosed file <_io.TextIOWrapper name='/tmp/tmp9zxclhvi/home/credentials/bootstrap.json' mode='r' encoding='UTF-8'>
  self.creds = json.load(open(info['credential_file']))
ResourceWarning: Enable tracemalloc to get the object allocation traceback
/usr/lib/python3.12/tempfile.py:1075: ResourceWarning: Implicitly cleaning up <TemporaryDirectory '/tmp/tmp9zxclhvi'>
  _warnings.warn(warn_message, ResourceWarning)
ok
test_status_distinguishes_missing_configuration_from_missing_code (metacoin_service.tests.test_service.ProductionBuyerTests.test_status_distinguishes_missing_configuration_from_missing_code) ... /home/zhangd2/projects/metacoin/metacoin_service/tests/test_service.py:54: ResourceWarning: unclosed file <_io.TextIOWrapper name='/tmp/tmpwvctoaao/home/credentials/bootstrap.json' mode='r' encoding='UTF-8'>
  self.creds = json.load(open(info['credential_file']))
ResourceWarning: Enable tracemalloc to get the object allocation traceback
/usr/lib/python3.12/tempfile.py:1075: ResourceWarning: Implicitly cleaning up <TemporaryDirectory '/tmp/tmpwvctoaao'>
  _warnings.warn(warn_message, ResourceWarning)
ok
test_01_owner_creates_own_inputs_and_a_separate_worker_publishes (metacoin_service.tests.test_service.ServiceMatrix.test_01_owner_creates_own_inputs_and_a_separate_worker_publishes) ... /home/zhangd2/projects/metacoin/metacoin_service/tests/test_service.py:54: ResourceWarning: unclosed file <_io.TextIOWrapper name='/tmp/tmpfrp8o013/home/credentials/bootstrap.json' mode='r' encoding='UTF-8'>
  self.creds = json.load(open(info['credential_file']))
ResourceWarning: Enable tracemalloc to get the object allocation traceback
ok
test_02_restart_preserves_job_result_pin_and_history (metacoin_service.tests.test_service.ServiceMatrix.test_02_restart_preserves_job_result_pin_and_history) ... /home/zhangd2/projects/metacoin/metacoin_service/tests/test_service.py:54: ResourceWarning: unclosed file <_io.TextIOWrapper name='/tmp/tmp_44gu4sm/home/credentials/bootstrap.json' mode='r' encoding='UTF-8'>
  self.creds = json.load(open(info['credential_file']))
ResourceWarning: Enable tracemalloc to get the object allocation traceback
ok
test_03_two_workers_race_only_the_lease_holder_publishes (metacoin_service.tests.test_service.ServiceMatrix.test_03_two_workers_race_only_the_lease_holder_publishes) ... /home/zhangd2/projects/metacoin/metacoin_service/tests/test_service.py:54: ResourceWarning: unclosed file <_io.TextIOWrapper name='/tmp/tmpfw4x3tye/home/credentials/bootstrap.json' mode='r' encoding='UTF-8'>
  self.creds = json.load(open(info['credential_file']))
ResourceWarning: Enable tracemalloc to get the object allocation traceback
ok
test_03b_cancellation_keeps_evidence_and_failed_input_is_terminal (metacoin_service.tests.test_service.ServiceMatrix.test_03b_cancellation_keeps_evidence_and_failed_input_is_terminal) ... /home/zhangd2/projects/metacoin/metacoin_service/tests/test_service.py:54: ResourceWarning: unclosed file <_io.TextIOWrapper name='/tmp/tmpjgigl2vf/home/credentials/bootstrap.json' mode='r' encoding='UTF-8'>
  self.creds = json.load(open(info['credential_file']))
ResourceWarning: Enable tracemalloc to get the object allocation traceback
ok
test_04_viewer_and_spoofing_boundaries (metacoin_service.tests.test_service.ServiceMatrix.test_04_viewer_and_spoofing_boundaries) ... /home/zhangd2/projects/metacoin/metacoin_service/tests/test_service.py:54: ResourceWarning: unclosed file <_io.TextIOWrapper name='/tmp/tmp6cz15wcf/home/credentials/bootstrap.json' mode='r' encoding='UTF-8'>
  self.creds = json.load(open(info['credential_file']))
ResourceWarning: Enable tracemalloc to get the object allocation traceback
ok
test_05_06_signed_decision_and_substitution (metacoin_service.tests.test_service.ServiceMatrix.test_05_06_signed_decision_and_substitution) ... /home/zhangd2/projects/metacoin/metacoin_service/tests/test_service.py:54: ResourceWarning: unclosed file <_io.TextIOWrapper name='/tmp/tmpi18j2oh3/home/credentials/bootstrap.json' mode='r' encoding='UTF-8'>
  self.creds = json.load(open(info['credential_file']))
ResourceWarning: Enable tracemalloc to get the object allocation traceback
ok
test_06b_acceptance_cannot_be_manufactured_when_recomputation_fails (metacoin_service.tests.test_service.ServiceMatrix.test_06b_acceptance_cannot_be_manufactured_when_recomputation_fails) ... /home/zhangd2/projects/metacoin/metacoin_service/tests/test_service.py:54: ResourceWarning: unclosed file <_io.TextIOWrapper name='/tmp/tmpyf1n2_8z/home/credentials/bootstrap.json' mode='r' encoding='UTF-8'>
  self.creds = json.load(open(info['credential_file']))
ResourceWarning: Enable tracemalloc to get the object allocation traceback
ok
test_07_encrypted_artifacts_recipients_wrong_key_and_tamper (metacoin_service.tests.test_service.ServiceMatrix.test_07_encrypted_artifacts_recipients_wrong_key_and_tamper) ... /home/zhangd2/projects/metacoin/metacoin_service/tests/test_service.py:54: ResourceWarning: unclosed file <_io.TextIOWrapper name='/tmp/tmph4ls2z3h/home/credentials/bootstrap.json' mode='r' encoding='UTF-8'>
  self.creds = json.load(open(info['credential_file']))
ResourceWarning: Enable tracemalloc to get the object allocation traceback
ok
test_08_safe_runtime_boundary_cap_and_zero_power (metacoin_service.tests.test_service.ServiceMatrix.test_08_safe_runtime_boundary_cap_and_zero_power) ... /home/zhangd2/projects/metacoin/metacoin_service/tests/test_service.py:54: ResourceWarning: unclosed file <_io.TextIOWrapper name='/tmp/tmpsykap4h5/home/credentials/bootstrap.json' mode='r' encoding='UTF-8'>
  self.creds = json.load(open(info['credential_file']))
ResourceWarning: Enable tracemalloc to get the object allocation traceback
ok
test_09_plan_comparison_selects_submitted_candidate_and_preserves_indeterminate (metacoin_service.tests.test_service.ServiceMatrix.test_09_plan_comparison_selects_submitted_candidate_and_preserves_indeterminate) ... /home/zhangd2/projects/metacoin/metacoin_service/tests/test_service.py:54: ResourceWarning: unclosed file <_io.TextIOWrapper name='/tmp/tmp7c30358k/home/credentials/bootstrap.json' mode='r' encoding='UTF-8'>
  self.creds = json.load(open(info['credential_file']))
ResourceWarning: Enable tracemalloc to get the object allocation traceback
ok
test_12_provider_loss_keeps_exposure_and_reconciliation_never_resubmits (metacoin_service.tests.test_service.ServiceMatrix.test_12_provider_loss_keeps_exposure_and_reconciliation_never_resubmits) ... /home/zhangd2/projects/metacoin/metacoin_service/tests/test_service.py:54: ResourceWarning: unclosed file <_io.TextIOWrapper name='/tmp/tmpkms2j8cw/home/credentials/bootstrap.json' mode='r' encoding='UTF-8'>
  self.creds = json.load(open(info['credential_file']))
ResourceWarning: Enable tracemalloc to get the object allocation traceback
ok
test_12b_concurrent_api_requests_keep_the_budget_invariant (metacoin_service.tests.test_service.ServiceMatrix.test_12b_concurrent_api_requests_keep_the_budget_invariant) ... /home/zhangd2/projects/metacoin/metacoin_service/tests/test_service.py:54: ResourceWarning: unclosed file <_io.TextIOWrapper name='/tmp/tmped3qwy33/home/credentials/bootstrap.json' mode='r' encoding='UTF-8'>
  self.creds = json.load(open(info['credential_file']))
ResourceWarning: Enable tracemalloc to get the object allocation traceback
ok
test_13_backup_and_restore_without_economic_resubmission (metacoin_service.tests.test_service.ServiceMatrix.test_13_backup_and_restore_without_economic_resubmission) ... /home/zhangd2/projects/metacoin/metacoin_service/tests/test_service.py:54: ResourceWarning: unclosed file <_io.TextIOWrapper name='/tmp/tmpiwmprt7z/home/credentials/bootstrap.json' mode='r' encoding='UTF-8'>
  self.creds = json.load(open(info['credential_file']))
ResourceWarning: Enable tracemalloc to get the object allocation traceback
ok
test_14_retention_cleanup_removes_payload_keeps_record (metacoin_service.tests.test_service.ServiceMatrix.test_14_retention_cleanup_removes_payload_keeps_record) ... /home/zhangd2/projects/metacoin/metacoin_service/tests/test_service.py:54: ResourceWarning: unclosed file <_io.TextIOWrapper name='/tmp/tmpxus4kn59/home/credentials/bootstrap.json' mode='r' encoding='UTF-8'>
  self.creds = json.load(open(info['credential_file']))
ResourceWarning: Enable tracemalloc to get the object allocation traceback
ok
test_15_drafts_change_frozen_contracts_do_not_amendments_have_lineage (metacoin_service.tests.test_service.ServiceMatrix.test_15_drafts_change_frozen_contracts_do_not_amendments_have_lineage) ... /home/zhangd2/projects/metacoin/metacoin_service/tests/test_service.py:54: ResourceWarning: unclosed file <_io.TextIOWrapper name='/tmp/tmp0d_m__lu/home/credentials/bootstrap.json' mode='r' encoding='UTF-8'>
  self.creds = json.load(open(info['credential_file']))
ResourceWarning: Enable tracemalloc to get the object allocation traceback
ok
test_16_sessions_csrf_and_capabilities (metacoin_service.tests.test_service.ServiceMatrix.test_16_sessions_csrf_and_capabilities) ... /home/zhangd2/projects/metacoin/metacoin_service/tests/test_service.py:54: ResourceWarning: unclosed file <_io.TextIOWrapper name='/tmp/tmph1x_uxxt/home/credentials/bootstrap.json' mode='r' encoding='UTF-8'>
  self.creds = json.load(open(info['credential_file']))
ResourceWarning: Enable tracemalloc to get the object allocation traceback
/home/zhangd2/projects/metacoin/.venv-service/lib/python3.12/site-packages/starlette/testclient.py:463: DeprecationWarning: Setting per-request cookies=<...> is being deprecated, because the expected behaviour on cookie persistence is ambiguous. Set cookies directly on the client instance instead.
  return super().request(
ok
test_17_console_pages_render_for_each_role (metacoin_service.tests.test_service.ServiceMatrix.test_17_console_pages_render_for_each_role) ... /home/zhangd2/projects/metacoin/metacoin_service/tests/test_service.py:54: ResourceWarning: unclosed file <_io.TextIOWrapper name='/tmp/tmp0b_e26lc/home/credentials/bootstrap.json' mode='r' encoding='UTF-8'>
  self.creds = json.load(open(info['credential_file']))
ResourceWarning: Enable tracemalloc to get the object allocation traceback
/home/zhangd2/projects/metacoin/.venv-service/lib/python3.12/site-packages/starlette/testclient.py:463: DeprecationWarning: Setting per-request cookies=<...> is being deprecated, because the expected behaviour on cookie persistence is ambiguous. Set cookies directly on the client instance instead.
  return super().request(
ok
/home/zhangd2/projects/metacoin/metacoin_service/tests/test_service.py:54: ResourceWarning: unclosed file <_io.TextIOWrapper name='/tmp/tmpyuttwqpt/home/credentials/bootstrap.json' mode='r' encoding='UTF-8'>
  self.creds = json.load(open(info['credential_file']))
ResourceWarning: Enable tracemalloc to get the object allocation traceback
test_10_402_then_paid_retrieval_through_the_sdk_protocol (metacoin_service.tests.test_service.X402SocketTests.test_10_402_then_paid_retrieval_through_the_sdk_protocol) ... ok
test_11_bindings_refused_at_the_right_layer (metacoin_service.tests.test_service.X402SocketTests.test_11_bindings_refused_at_the_right_layer) ... /home/zhangd2/projects/metacoin/metacoin_service/tests/test_service.py:54: ResourceWarning: unclosed file <_io.TextIOWrapper name='/tmp/tmpxqqb1whh/home/credentials/bootstrap.json' mode='r' encoding='UTF-8'>
  self.creds = json.load(open(info['credential_file']))
ResourceWarning: Enable tracemalloc to get the object allocation traceback
ok
test_charging_saturates_and_spills (metacoin_service.tests.test_temporal.TemporalAnalyticalTests.test_charging_saturates_and_spills) ... ok
test_domain_refusals (metacoin_service.tests.test_temporal.TemporalAnalyticalTests.test_domain_refusals) ... ok
test_early_deficit_despite_aggregate_surplus (metacoin_service.tests.test_temporal.TemporalAnalyticalTests.test_early_deficit_despite_aggregate_surplus) ... ok
test_harvest_equal_load_leakage_only_and_zero_width (metacoin_service.tests.test_temporal.TemporalAnalyticalTests.test_harvest_equal_load_leakage_only_and_zero_width) ... ok
test_pure_discharge_and_exact_reserve_contact (metacoin_service.tests.test_temporal.TemporalAnalyticalTests.test_pure_discharge_and_exact_reserve_contact) ... ok
test_spill_then_later_deficit (metacoin_service.tests.test_temporal.TemporalAnalyticalTests.test_spill_then_later_deficit) ... ok
test_uncertainty_straddling_and_refinement (metacoin_service.tests.test_temporal.TemporalAnalyticalTests.test_uncertainty_straddling_and_refinement) ... ok
test_exhaustive_tiny_integer_cases (metacoin_service.tests.test_temporal.TemporalReferenceTests.test_exhaustive_tiny_integer_cases)
Every integer trajectory of tiny inputs is simulated per second with Fractions; the ... ok
test_result_structure_and_privacy (metacoin_service.tests.test_temporal.TemporalReferenceTests.test_result_structure_and_privacy) ... ok
test_seeded_larger_cases_against_per_second_reference (metacoin_service.tests.test_temporal.TemporalReferenceTests.test_seeded_larger_cases_against_per_second_reference) ... ok
test_two_metered_requests_one_batch_separate_settlements (metacoin_service.tests.test_upto_route.UptoBatchedGenerationTests.test_two_metered_requests_one_batch_separate_settlements) ... /home/zhangd2/projects/metacoin/metacoin_service/tests/test_service.py:54: ResourceWarning: unclosed file <_io.TextIOWrapper name='/tmp/tmpfymwfqez/home/credentials/bootstrap.json' mode='r' encoding='UTF-8'>
  self.creds = json.load(open(info['credential_file']))
ResourceWarning: Enable tracemalloc to get the object allocation traceback
ok
test_generation_settles_below_the_ceiling (metacoin_service.tests.test_upto_route.UptoRouteTests.test_generation_settles_below_the_ceiling) ... /home/zhangd2/projects/metacoin/metacoin_service/tests/test_service.py:54: ResourceWarning: unclosed file <_io.TextIOWrapper name='/tmp/tmppm5ec6lu/home/credentials/bootstrap.json' mode='r' encoding='UTF-8'>
  self.creds = json.load(open(info['credential_file']))
ResourceWarning: Enable tracemalloc to get the object allocation traceback
ok
test_metered_authorization_settlement_unused_and_replay (metacoin_service.tests.test_upto_route.UptoRouteTests.test_metered_authorization_settlement_unused_and_replay) ... /home/zhangd2/projects/metacoin/metacoin_service/tests/test_service.py:54: ResourceWarning: unclosed file <_io.TextIOWrapper name='/tmp/tmp5048ez0s/home/credentials/bootstrap.json' mode='r' encoding='UTF-8'>
  self.creds = json.load(open(info['credential_file']))
ResourceWarning: Enable tracemalloc to get the object allocation traceback
/home/zhangd2/projects/metacoin/metacoin_service/compute/engine.py:350: ResourceWarning: unclosed file <_io.TextIOWrapper name='/proc/2258265/stat' mode='r' encoding='UTF-8'>
  fields = open('/proc/%d/stat' % pid).read().split(')')[-1].split()
ResourceWarning: Enable tracemalloc to get the object allocation traceback
/home/zhangd2/projects/metacoin/metacoin_service/compute/engine.py:352: ResourceWarning: unclosed file <_io.TextIOWrapper name='/proc/2258265/status' mode='r' encoding='UTF-8'>
  for line in open('/proc/%d/status' % pid):
ResourceWarning: Enable tracemalloc to get the object allocation traceback
/home/zhangd2/projects/metacoin/metacoin_service/compute/engine.py:211: ResourceWarning: unclosed file <_io.BufferedReader name=17>
  return self._supervise(job, contract, spec, run, man, workdir, backend, latest)
ResourceWarning: Enable tracemalloc to get the object allocation traceback
ok
test_audits_statements_corruption_gate_and_replica (metacoin_service.tests.test_verification.VerificationTests.test_audits_statements_corruption_gate_and_replica) ... /home/zhangd2/projects/metacoin/metacoin_service/tests/test_service.py:54: ResourceWarning: unclosed file <_io.TextIOWrapper name='/tmp/tmp_6h18m_f/home/credentials/bootstrap.json' mode='r' encoding='UTF-8'>
  self.creds = json.load(open(info['credential_file']))
ResourceWarning: Enable tracemalloc to get the object allocation traceback
/home/zhangd2/projects/metacoin/metacoin_service/compute/engine.py:350: ResourceWarning: unclosed file <_io.TextIOWrapper name='/proc/2258317/stat' mode='r' encoding='UTF-8'>
  fields = open('/proc/%d/stat' % pid).read().split(')')[-1].split()
ResourceWarning: Enable tracemalloc to get the object allocation traceback
/home/zhangd2/projects/metacoin/metacoin_service/compute/engine.py:352: ResourceWarning: unclosed file <_io.TextIOWrapper name='/proc/2258317/status' mode='r' encoding='UTF-8'>
  for line in open('/proc/%d/status' % pid):
ResourceWarning: Enable tracemalloc to get the object allocation traceback
/home/zhangd2/projects/metacoin/metacoin_service/compute/engine.py:211: ResourceWarning: unclosed file <_io.BufferedReader name=17>
  return self._supervise(job, contract, spec, run, man, workdir, backend, latest)
ResourceWarning: Enable tracemalloc to get the object allocation traceback
/home/zhangd2/projects/metacoin/metacoin_service/compute/engine.py:350: ResourceWarning: unclosed file <_io.TextIOWrapper name='/proc/2258361/stat' mode='r' encoding='UTF-8'>
  fields = open('/proc/%d/stat' % pid).read().split(')')[-1].split()
ResourceWarning: Enable tracemalloc to get the object allocation traceback
/home/zhangd2/projects/metacoin/metacoin_service/compute/engine.py:352: ResourceWarning: unclosed file <_io.TextIOWrapper name='/proc/2258361/status' mode='r' encoding='UTF-8'>
  for line in open('/proc/%d/status' % pid):
ResourceWarning: Enable tracemalloc to get the object allocation traceback
/home/zhangd2/projects/metacoin/metacoin_service/compute/engine.py:350: ResourceWarning: unclosed file <_io.TextIOWrapper name='/proc/2258388/stat' mode='r' encoding='UTF-8'>
  fields = open('/proc/%d/stat' % pid).read().split(')')[-1].split()
ResourceWarning: Enable tracemalloc to get the object allocation traceback
/home/zhangd2/projects/metacoin/metacoin_service/compute/engine.py:352: ResourceWarning: unclosed file <_io.TextIOWrapper name='/proc/2258388/status' mode='r' encoding='UTF-8'>
  for line in open('/proc/%d/status' % pid):
ResourceWarning: Enable tracemalloc to get the object allocation traceback
/home/zhangd2/projects/metacoin/metacoin_service/compute/engine.py:350: ResourceWarning: unclosed file <_io.TextIOWrapper name='/proc/2258404/stat' mode='r' encoding='UTF-8'>
  fields = open('/proc/%d/stat' % pid).read().split(')')[-1].split()
ResourceWarning: Enable tracemalloc to get the object allocation traceback
/home/zhangd2/projects/metacoin/metacoin_service/compute/engine.py:352: ResourceWarning: unclosed file <_io.TextIOWrapper name='/proc/2258404/status' mode='r' encoding='UTF-8'>
  for line in open('/proc/%d/status' % pid):
ResourceWarning: Enable tracemalloc to get the object allocation traceback
/home/zhangd2/projects/metacoin/metacoin_service/compute/engine.py:350: ResourceWarning: unclosed file <_io.TextIOWrapper name='/proc/2258426/stat' mode='r' encoding='UTF-8'>
  fields = open('/proc/%d/stat' % pid).read().split(')')[-1].split()
ResourceWarning: Enable tracemalloc to get the object allocation traceback
/home/zhangd2/projects/metacoin/metacoin_service/compute/engine.py:352: ResourceWarning: unclosed file <_io.TextIOWrapper name='/proc/2258426/status' mode='r' encoding='UTF-8'>
  for line in open('/proc/%d/status' % pid):
ResourceWarning: Enable tracemalloc to get the object allocation traceback
/home/zhangd2/projects/metacoin/metacoin_service/compute/engine.py:350: ResourceWarning: unclosed file <_io.TextIOWrapper name='/proc/2258442/stat' mode='r' encoding='UTF-8'>
  fields = open('/proc/%d/stat' % pid).read().split(')')[-1].split()
ResourceWarning: Enable tracemalloc to get the object allocation traceback
/home/zhangd2/projects/metacoin/metacoin_service/compute/engine.py:352: ResourceWarning: unclosed file <_io.TextIOWrapper name='/proc/2258442/status' mode='r' encoding='UTF-8'>
  for line in open('/proc/%d/status' % pid):
ResourceWarning: Enable tracemalloc to get the object allocation traceback
/home/zhangd2/projects/metacoin/metacoin_service/compute/engine.py:350: ResourceWarning: unclosed file <_io.TextIOWrapper name='/proc/2258464/stat' mode='r' encoding='UTF-8'>
  fields = open('/proc/%d/stat' % pid).read().split(')')[-1].split()
ResourceWarning: Enable tracemalloc to get the object allocation traceback
/home/zhangd2/projects/metacoin/metacoin_service/compute/engine.py:352: ResourceWarning: unclosed file <_io.TextIOWrapper name='/proc/2258464/status' mode='r' encoding='UTF-8'>
  for line in open('/proc/%d/status' % pid):
ResourceWarning: Enable tracemalloc to get the object allocation traceback
/home/zhangd2/projects/metacoin/metacoin_service/compute/engine.py:350: ResourceWarning: unclosed file <_io.TextIOWrapper name='/proc/2258476/stat' mode='r' encoding='UTF-8'>
  fields = open('/proc/%d/stat' % pid).read().split(')')[-1].split()
ResourceWarning: Enable tracemalloc to get the object allocation traceback
/home/zhangd2/projects/metacoin/metacoin_service/compute/engine.py:352: ResourceWarning: unclosed file <_io.TextIOWrapper name='/proc/2258476/status' mode='r' encoding='UTF-8'>
  for line in open('/proc/%d/status' % pid):
ResourceWarning: Enable tracemalloc to get the object allocation traceback
/home/zhangd2/projects/metacoin/metacoin_service/compute/engine.py:350: ResourceWarning: unclosed file <_io.TextIOWrapper name='/proc/2258486/stat' mode='r' encoding='UTF-8'>
  fields = open('/proc/%d/stat' % pid).read().split(')')[-1].split()
ResourceWarning: Enable tracemalloc to get the object allocation traceback
/home/zhangd2/projects/metacoin/metacoin_service/compute/engine.py:352: ResourceWarning: unclosed file <_io.TextIOWrapper name='/proc/2258486/status' mode='r' encoding='UTF-8'>
  for line in open('/proc/%d/status' % pid):
ResourceWarning: Enable tracemalloc to get the object allocation traceback
/home/zhangd2/projects/metacoin/metacoin_service/compute/engine.py:211: ResourceWarning: unclosed file <_io.BufferedReader name=17>
  return self._supervise(job, contract, spec, run, man, workdir, backend, latest)
ResourceWarning: Enable tracemalloc to get the object allocation traceback
/home/zhangd2/projects/metacoin/metacoin_service/compute/engine.py:350: ResourceWarning: unclosed file <_io.TextIOWrapper name='/proc/2258501/stat' mode='r' encoding='UTF-8'>
  fields = open('/proc/%d/stat' % pid).read().split(')')[-1].split()
ResourceWarning: Enable tracemalloc to get the object allocation traceback
/home/zhangd2/projects/metacoin/metacoin_service/compute/engine.py:352: ResourceWarning: unclosed file <_io.TextIOWrapper name='/proc/2258501/status' mode='r' encoding='UTF-8'>
  for line in open('/proc/%d/status' % pid):
ResourceWarning: Enable tracemalloc to get the object allocation traceback
/home/zhangd2/projects/metacoin/metacoin_service/compute/engine.py:211: ResourceWarning: unclosed file <_io.BufferedReader name=17>
  return self._supervise(job, contract, spec, run, man, workdir, backend, latest)
ResourceWarning: Enable tracemalloc to get the object allocation traceback
ok
test_cancellation_at_queued_and_waiting_review_keeps_evidence (metacoin_service.tests.test_workflows.WorkflowTests.test_cancellation_at_queued_and_waiting_review_keeps_evidence) ... /home/zhangd2/projects/metacoin/metacoin_service/tests/test_service.py:54: ResourceWarning: unclosed file <_io.TextIOWrapper name='/tmp/tmp9f__7gwa/home/credentials/bootstrap.json' mode='r' encoding='UTF-8'>
  self.creds = json.load(open(info['credential_file']))
ResourceWarning: Enable tracemalloc to get the object allocation traceback
ok
test_dataset_temporal_review_export_journey (metacoin_service.tests.test_workflows.WorkflowTests.test_dataset_temporal_review_export_journey) ... /home/zhangd2/projects/metacoin/metacoin_service/tests/test_service.py:54: ResourceWarning: unclosed file <_io.TextIOWrapper name='/tmp/tmp2xgwx4v4/home/credentials/bootstrap.json' mode='r' encoding='UTF-8'>
  self.creds = json.load(open(info['credential_file']))
ResourceWarning: Enable tracemalloc to get the object allocation traceback
ok
test_inline_inputs_and_parameter_mapping_from_upstream (metacoin_service.tests.test_workflows.WorkflowTests.test_inline_inputs_and_parameter_mapping_from_upstream) ... /home/zhangd2/projects/metacoin/metacoin_service/tests/test_service.py:54: ResourceWarning: unclosed file <_io.TextIOWrapper name='/tmp/tmpq6r1n2da/home/credentials/bootstrap.json' mode='r' encoding='UTF-8'>
  self.creds = json.load(open(info['credential_file']))
ResourceWarning: Enable tracemalloc to get the object allocation traceback
ok
test_outcome_condition_and_rejected_review_block_downstream (metacoin_service.tests.test_workflows.WorkflowTests.test_outcome_condition_and_rejected_review_block_downstream) ... /home/zhangd2/projects/metacoin/metacoin_service/tests/test_service.py:54: ResourceWarning: unclosed file <_io.TextIOWrapper name='/tmp/tmpjgr2pv7z/home/credentials/bootstrap.json' mode='r' encoding='UTF-8'>
  self.creds = json.load(open(info['credential_file']))
ResourceWarning: Enable tracemalloc to get the object allocation traceback
ok
test_validation_errors_name_the_node (metacoin_service.tests.test_workflows.WorkflowTests.test_validation_errors_name_the_node) ... /home/zhangd2/projects/metacoin/metacoin_service/tests/test_service.py:54: ResourceWarning: unclosed file <_io.TextIOWrapper name='/tmp/tmpa3z51_we/home/credentials/bootstrap.json' mode='r' encoding='UTF-8'>
  self.creds = json.load(open(info['credential_file']))
ResourceWarning: Enable tracemalloc to get the object allocation traceback
ok

----------------------------------------------------------------------
Ran 187 tests in 431.043s

OK (skipped=13)
archive                ok
    no_duplicate_members                     ok 5
    safe_member_names                        ok ""
    no_symlink_members                       ok ""
    decompression_bounds                     ok {"uncompressed": 7337, "compressed": 3616, "max_total": 67108864, "max_ratio": 100}
manifest               ok
    schema                                   ok "metacoin-result-bundle/v1"
    structure                                ok ["delivery_policy", "delivery_state", "file_sha256", "issued_at", "issued_by", "issuer_key_id", "nodes", "operations", "package", "package_run_id", "run_id", "s
    canonical_encoding                       ok "manifest bytes are the canonical encoding of their content"
digests                ok
    file:files/plan/inputs.json              ok "digest matches"
    file:files/plan/summary.json             ok "digest matches"
    file:files/plan/witness.json             ok "digest matches"
    no_unlisted_files                        ok ""
    statement_binds_manifest                 ok "0bf98137f273972f"
signature              ok
    valid signature from a key the caller trusts: the issuing service produced this bundle
verification_records   ok
    verification:vf_c5fd57384dd4             ok "statement signed by the same issuer key"
witness                ok
    witness:plan                             scope "disclosed inputs omit private fields, so the commitment cannot be re-derived byte-for-byte; the replay below uses the disclosed inputs"
    witness_replay:plan                      ok {"feasible": true, "objective": 12, "min_margin": 18000, "violations": []}
scope                  n/a
    this verifier checked archive safety, manifest structure, file digests, the issuer signature and the carried verification statements; the disclosed witness was replayed. Undisclosed inputs are not verified.
sys:1: ResourceWarning: unclosed file <_io.BufferedReader name=4>
sys:1: ResourceWarning: unclosed <socket.socket fd=3, family=2, type=1, proto=6, laddr=('127.0.0.1', 56052), raddr=('127.0.0.1', 42009)>
sys:1: ResourceWarning: unclosed file <_io.BufferedReader name=6>
sys:1: ResourceWarning: unclosed <socket.socket fd=5, family=2, type=1, proto=6, laddr=('127.0.0.1', 43356), raddr=('127.0.0.1', 59897)>
sys:1: ResourceWarning: unclosed file <_io.BufferedReader name=8>
sys:1: ResourceWarning: unclosed <socket.socket fd=7, family=2, type=1, proto=6, laddr=('127.0.0.1', 46044), raddr=('127.0.0.1', 58689)>
sys:1: ResourceWarning: unclosed file <_io.BufferedReader name=10>
sys:1: ResourceWarning: unclosed file <_io.BufferedReader name=11>
sys:1: ResourceWarning: unclosed <socket.socket fd=9, family=2, type=1, proto=6, laddr=('127.0.0.1', 49130), raddr=('127.0.0.1', 45881)>
sys:1: ResourceWarning: unclosed file <_io.BufferedReader name=13>
sys:1: ResourceWarning: unclosed <socket.socket fd=12, family=2, type=1, proto=6, laddr=('127.0.0.1', 52010), raddr=('127.0.0.1', 52079)>
rc=0
